X,Y,OBJECTID_1,OBJECTID,SETL_CODE,MGLSDE_LOC,MGLSDE_L_1,MGLSDE_L_2,MGLSDE_L_3,MGLSDE_L_4
34.8370833334332,31.857700045996,1,1,862,גני יוחנן,536,31,מושבים (כפרים שיתופיים) (ב),GANNE YOHANAN
34.9137746940875,31.9632730962419,2,2,863,גינתון,582,31,מושבים (כפרים שיתופיים) (ב),GINNATON
34.9250934226688,31.8292697254558,3,3,864,בקוע,497,31,מושבים (כפרים שיתופיים) (ב),BEQOA
34.6076231257121,31.3963750074035,4,4,865,שיבולים,297,31,מושבים (כפרים שיתופיים) (ב),SHIBBOLIM
35.063076550323,29.8949947693795,5,5,866,יטבתה,576,33,קיבוצים,YOTVATA
35.0037176009896,32.5104424379227,6,6,868,אלוני יצחק,223,34,ישובים מוסדיים יהודים,ALLONE YIZHAQ
34.9215927328229,32.0981319797829,7,7,870,גבעת השלושה,439,33,קיבוצים,GIV'AT HASHELOSHA
34.9390647469673,32.0828620570197,8,8,871,עינת,611,33,קיבוצים,ENAT
34.9016282377641,32.3923142565263,9,9,872,גאולי תימן,311,31,מושבים (כפרים שיתופיים) (ב),GE'ULE TEMAN
34.7676446527205,31.5644385631114,10,10,873,שלווה,449,31,מושבים (כפרים שיתופיים) (ב),SHALWA
34.9412815795699,32.2579548704324,11,11,875,כפר עבודה,400,34,ישובים מוסדיים יהודים,KEFAR AVODA
34.8713371859455,32.3764585328346,12,12,877,בית חירות,616,31,מושבים (כפרים שיתופיים) (ב),BET HERUT
34.9359462816889,32.2737306973477,13,13,880,עין שריד,1150,35,ישובים כפריים יהודים אחרים,EN SARID
34.8415017937438,32.0348897807862,14,14,883,רמת פנקס,531,35,ישובים כפריים יהודים אחרים,RAMAT PINKAS
34.7937047242101,30.8714420447307,15,15,885,שדה בוקר,471,33,קיבוצים,SEDE BOQER
35.0956872520313,31.7783201094464,16,16,886,איתנים,203,34,ישובים מוסדיים יהודים,ETANIM
34.7920805113639,31.7495732541744,17,17,888,"כפר הרי""ף",531,31,מושבים (כפרים שיתופיים) (ב),KEFAR HARIF
35.0872601997513,32.7526167806331,18,18,889,כפר חסידים ב',188,35,ישובים כפריים יהודים אחרים,KEFAR HASIDIM BET
35.0991898579627,32.7427514242739,19,19,890,כפר הנוער הדתי,566,34,ישובים מוסדיים יהודים,KEFAR HANO'AR HADATI
35.1823834809677,33.0494097371008,20,20,892,עבדון,465,31,מושבים (כפרים שיתופיים) (ב),AVDON
35.3985850360693,32.6861978348932,21,21,913,שבלי - אום אל-גנם,4400,28,"2000-9999 תושבים,ישובים לא יהודים",SHIBLI-UMM AL-GHANAM
34.4022432556255,31.2475865136921,22,22,916,ישע,148,31,מושבים (כפרים שיתופיים) (ב),YESHA
35.2527247201265,32.865893117255,23,23,917,שגב,854,37,ישובים קהילתיים,SEGEV
34.9477178638369,31.6704086645067,24,24,919,גבעת ישעיהו,329,31,מושבים (כפרים שיתופיים) (ב),GIV'AT YESHA'YAHU
35.0167562474858,32.4508538401193,25,25,921,שער מנשה,1200,34,ישובים מוסדיים יהודים,SHA'AR MENASHE
35.1017087314518,32.7519866128193,26,26,922,רכסים,7750,18,"2000-9999 תושבים,ישובים יהודים",REKHASIM
35.1660054452832,32.5573936871891,27,27,934,ביאדה,274,45,ישובים כפריים אחרים לא יהודים,        BAYADA
35.1677075318226,32.7673159186053,28,28,942,סואעד (חמרייה),0,46,שבטי בדווים,SAWA'ID(HAMRIYYE)
35.1474160360823,32.7407321420667,29,29,944,בסמת טבעון,5750,28,"2000-9999 תושבים,ישובים לא יהודים",BASMAT TAB'UN
35.2231358786562,32.7253034905377,30,30,975,זרזיר,5780,28,"2000-9999 תושבים,ישובים לא יהודים",ZARZIR
35.1913295266662,32.7472032730826,31,31,978,כעביה-טבאש-חג'אג'רה,3540,28,"2000-9999 תושבים,ישובים לא יהודים",KA'ABIYYE-TABBASH-HAJAJRE
35.4898718916306,32.8298407087253,32,32,993,חמאם,1190,45,ישובים כפריים אחרים לא יהודים,HAMAM
35.1927629965794,32.7055098147342,33,33,994,מנשית זבדה,887,45,ישובים כפריים אחרים לא יהודים,MANSHIYYET ZABDA
35.3029672402387,32.7793573544762,34,34,997,רומת הייב,1500,45,ישובים כפריים אחרים לא יהודים,RUMAT HEIB
35.222893101445,32.7834478542778,35,35,998,ביר אל-מכסור,6440,28,"2000-9999 תושבים,ישובים לא יהודים",BIR EL-MAKSUR
35.150529475619,31.8001699246383,36,36,1015,מבשרת ציון,20800,16,"20000-49999 תושבים,ישובים יהודים",MEVASSERET ZIYYON
34.9200534256654,32.5094867006543,37,37,1020,אור עקיבא,15700,17,"10000-19999 תושבים,ישובים יהודים",OR AQIVA
34.8648766054018,32.2273686952822,38,38,1024,חרוצים,694,35,ישובים כפריים יהודים אחרים,HARUZIM
34.5977458834956,31.5259030322262,39,39,1031,שדרות,19400,17,"10000-19999 תושבים,ישובים יהודים",SEDEROT
34.7463103184028,31.7325169829981,40,40,1034,קריית מלאכי,19100,17,"10000-19999 תושבים,ישובים יהודים",QIRYAT MAL'AKHI
34.9646784101637,32.2675005753991,41,41,1044,יעף,136,35,ישובים כפריים יהודים אחרים,YE'AF
35.3141602591365,33.0856943895518,42,42,1045,שתולה,219,31,מושבים (כפרים שיתופיים) (ב),SHETULA
34.4320395710553,31.2369780098232,43,43,1046,אוהד,199,31,מושבים (כפרים שיתופיים) (ב),OHAD
35.3951494076624,32.9059742975757,44,44,1047,חזון,350,31,מושבים (כפרים שיתופיים) (ב),HAZON
34.8349613302926,32.0469715591844,45,45,1049,רמת אפעל,2780,18,"2000-9999 תושבים,ישובים יהודים",RAMAT EF'AL
34.9171890055805,31.889182753302,46,46,1050,בית חשמונאי,838,35,ישובים כפריים יהודים אחרים,BET HASHMONAY
34.4293480065389,31.2282932992525,47,47,1051,תלמי אליהו,200,31,מושבים (כפרים שיתופיים) (ב),TALME ELIYYAHU
35.0613300114599,29.9695322648025,48,48,1052,קטורה,393,33,קיבוצים,QETURA
34.8601763883537,31.248049262195,49,49,1054,תל שבע,11200,27,"10000-19999 תושבים,ישובים לא יהודים",TEL SHEVA
35.3643690939098,31.152499254303,50,50,1057,נווה זוהר,88,35,ישובים כפריים יהודים אחרים,NEWE ZOHAR
34.4195114459896,31.2300521601144,51,51,1058,שדה ניצן,281,31,מושבים (כפרים שיתופיים) (ב),SEDE NIZZAN
35.08004481141,31.2447193170557,52,52,1059,כסיפה,7940,28,"2000-9999 תושבים,ישובים לא יהודים",KUSEIFE
34.8647645011837,31.3238443713039,53,53,1060,לקיה,6090,28,"2000-9999 תושבים,ישובים לא יהודים",LAQYE
35.3227270063546,32.7145037190575,54,54,1061,נצרת עילית,44290,16,"20000-49999 תושבים,ישובים יהודים",NAZERAT ILLIT
34.8739947623231,32.0252752931594,55,55,1062,נווה אפרים,22000,16,"20000-49999 תושבים,ישובים יהודים",YEHUD
35.2821241834425,33.0178315832258,56,56,1063,מעלות-תרשיחא,20650,16,"20000-49999 תושבים,ישובים יהודים",MA'ALOT-TARSHIHA
35.4494195831306,32.9381185987987,57,57,1064,אמירים,458,31,מושבים (כפרים שיתופיים) (ב),AMIRIM
34.7602245134038,31.7891233254057,58,58,1066,"בני עי""ש",7570,18,"2000-9999 תושבים,ישובים יהודים",BENE AYISH
35.4094908399496,33.0538535167836,59,59,1067,"דוב""ב",411,31,מושבים (כפרים שיתופיים) (ב),DOVEV
35.2199927434519,33.0857724489591,60,60,1068,אדמית,139,33,קיבוצים,ADAMIT
35.2595499374703,32.5279290873165,61,61,1069,רם-און,526,31,מושבים (כפרים שיתופיים) (ב),RAM-ON
35.0155712113222,31.6814500376867,62,62,1070,אביעזר,492,31,מושבים (כפרים שיתופיים) (ב),AVI'EZER
35.0057560937076,31.6730758855532,63,63,1071,נווה מיכאל,419,31,מושבים (כפרים שיתופיים) (ב),NEWE MIKHA'EL
34.7008926892783,31.8041138279133,64,64,1072,גן הדרום,361,31,מושבים (כפרים שיתופיים) (ב),GAN HADAROM
34.926600786158,32.2013540959889,65,65,1076,בית ברל,256,34,ישובים מוסדיים יהודים,BET BERL
34.9431936010793,31.6604207200454,66,66,1079,צפרירים,283,31,מושבים (כפרים שיתופיים) (ב),ZAFRIRIM
34.6540589963388,31.4492116410543,67,67,1080,מבועים,964,35,ישובים כפריים יהודים אחרים,MABBU'IM
35.2937211645333,33.0744634911106,68,68,1081,אבן מנחם,309,31,מושבים (כפרים שיתופיים) (ב),EVEN MENAHEM
34.5986877295265,31.3967490138292,69,69,1082,מעגלים,1370,35,ישובים כפריים יהודים אחרים,MA'GALIM
34.5407015233831,31.4337279358525,70,70,1083,תושייה,719,35,ישובים כפריים יהודים אחרים,TUSHIYYA
34.9277705533558,31.9597747040147,71,71,1084,בן שמן (כפר נוער),638,34,ישובים מוסדיים יהודים,BEN SHEMEN(K.NO'AR)
34.2844932172943,31.2278180705192,72,72,1085,כרם שלום,0,33,קיבוצים,KEREM SHALOM
34.7216312951809,31.819440600109,73,73,1094,כרם יבנה (ישיבה),354,34,ישובים מוסדיים יהודים,KEREM YAVNE(YESHIVA)
35.3718112206433,32.6894856671167,74,74,489,דבורייה,7690,28,"2000-9999 תושבים,ישובים לא יהודים",DABURIYYA
35.2659860807972,32.9374797537819,75,75,490,דיר אל-אסד,8290,28,"2000-9999 תושבים,ישובים לא יהודים",DEIR AL-ASAD
35.3678610709024,32.8628133364707,76,76,492,דייר חנא,7810,28,"2000-9999 תושבים,ישובים לא יהודים",DEIR HANNA
34.9472591177483,31.7762795855921,77,77,493,דייר ראפאת,50,44,ישובים מוסדיים לא יהודים,DEIR RAFAT
35.0528546112006,32.6933310827704,78,78,494,עיר כרמל,13300,27,"10000-19999 תושבים,ישובים לא יהודים",IR KARMEL
35.3446851904279,33.0165669233255,79,79,496,חורפיש,4880,28,"2000-9999 תושבים,ישובים לא יהודים",HURFEISH
35.4448401972594,32.6037816504705,80,80,497,טייבה (בעמק),1400,45,ישובים כפריים אחרים לא יהודים,TAYIBE(BAEMEQ)
35.3751176211404,32.7772441751451,81,81,498,טורעאן,10300,27,"10000-19999 תושבים,ישובים לא יהודים",TUR'AN
35.2756894124789,32.6841793556134,82,82,499,יפיע,15400,27,"10000-19999 תושבים,ישובים לא יהודים",YAFI
35.2021676893324,32.9543978362127,83,83,502,ירכא,11600,27,"10000-19999 תושבים,ישובים לא יהודים",YIRKA
35.2072158104319,32.8721902811792,84,84,504,כאבול,8710,28,"2000-9999 תושבים,ישובים לא יהודים",KABUL
35.2483580671165,32.8305839285158,85,85,505,כאוכב אבו אל-היג'א,2580,28,"2000-9999 תושבים,ישובים לא יהודים",KAOKAB ABU AL-HIJA
35.4399940405787,32.7215359670496,86,86,508,כפר כמא,2710,28,"2000-9999 תושבים,ישובים לא יהודים",KAFAR KAMA
35.341721886388,32.7473925946292,87,87,509,כפר כנא,16100,27,"10000-19999 תושבים,ישובים לא יהודים",KAFAR KANNA
35.2634966611836,32.8084315403218,88,88,510,כפר מנדא,13800,27,"10000-19999 תושבים,ישובים לא יהודים",KAFAR MANDA
35.2618966215657,32.7181678954939,89,89,511,עילוט,6030,28,"2000-9999 תושבים,ישובים לא יהודים",ILUT
35.4227736286348,32.6455282700181,90,90,512,כפר מצר,2080,28,"2000-9999 תושבים,ישובים לא יהודים",KAFAR MISR
35.1136510750515,31.7903354584138,91,91,514,עין ראפה,688,45,ישובים כפריים אחרים לא יהודים,EIN RAFA
35.2547696095697,32.9206610062916,92,92,516,שגור,11400,27,"10000-19999 תושבים,ישובים לא יהודים",SHAGHOR
35.0986009705819,32.984377354652,93,93,517,מזרעה,3230,28,"2000-9999 תושבים,ישובים לא יהודים",MAZRA'A
35.2572363987287,33.0270603054927,94,94,518,מעיליא,2550,28,"2000-9999 תושבים,ישובים לא יהודים",MI'ELYA
35.3219874917594,32.7411552397988,95,95,520,משהד,6390,28,"2000-9999 תושבים,ישובים לא יהודים",MESHHED
35.3185555739738,32.9348316882925,96,96,522,נחף,9220,28,"2000-9999 תושבים,ישובים לא יהודים",NAHEF
35.3490282054711,32.6308413706018,97,97,523,ניין,1500,45,ישובים כפריים אחרים לא יהודים,NEIN
35.3926587609917,32.6108382102629,98,98,524,נאעורה,1560,45,ישובים כפריים אחרים לא יהודים,NA'URA
35.3446654467348,32.9412307037033,99,99,525,סאג'ור,3330,28,"2000-9999 תושבים,ישובים לא יהודים",SAJUR
35.3346874044988,32.6066328769101,100,100,526,סולם,2240,28,"2000-9999 תושבים,ישובים לא יהודים",SULAM
35.35240580667,32.9324512252876,101,101,527,שזור,359,31,מושבים (כפרים שיתופיים) (ב),SHEZOR
35.3246279491559,32.7901663223751,102,102,528,עוזייר,2310,28,"2000-9999 תושבים,ישובים לא יהודים",UZEIR
35.1856652063498,32.8266691959109,103,103,529,אעבלין,10000,27,"10000-19999 תושבים,ישובים לא יהודים",I'BILLIN
35.4029207670705,32.8352532264158,104,104,530,עיילבון,4040,28,"2000-9999 תושבים,ישובים לא יהודים",EILABUN
35.3387832215782,32.8511262987026,105,105,531,עראבה,17900,27,"10000-19999 תושבים,ישובים לא יהודים",ARRABE
35.3101828763122,33.0480651866684,106,106,535,פסוטה,2860,28,"2000-9999 תושבים,ישובים לא יהודים",FASSUTA
35.3253682026895,32.9785941529072,107,107,536,פקיעין (בוקייעה),4760,28,"2000-9999 תושבים,ישובים לא יהודים",PEQI'IN (BUQEI'A)
34.9528469712673,32.5979472313653,108,108,537,פוריידיס,9350,28,"2000-9999 תושבים,ישובים לא יהודים",FUREIDIS
35.234681479329,32.8909677333766,109,109,538,שעב,5450,28,"2000-9999 תושבים,ישובים לא יהודים",SHA'AB
35.3106361817979,32.7879424043081,110,110,539,רומאנה,819,45,ישובים כפריים אחרים לא יהודים,RUMMANE
35.4878095976552,33.0486789595391,111,111,540,ריחאנייה,947,45,ישובים כפריים אחרים לא יהודים,REIHANIYYE
34.9115106336638,32.5367284454697,112,112,541,ג'סר א-זרקא,10200,27,"10000-19999 תושבים,ישובים לא יהודים",JISR AZ-ZARQA
35.3086030332982,32.7215114777594,113,113,542,ריינה,14400,27,"10000-19999 תושבים,ישובים לא יהודים",REINE
35.3667894119996,32.938278392494,114,114,543,ראמה,7280,28,"2000-9999 תושבים,ישובים לא יהודים",RAME
35.3994053787488,32.9403436342972,115,115,546,עין אל-אסד,751,45,ישובים כפריים אחרים לא יהודים,EIN AL-ASAD
34.9001198250806,32.3199296372628,116,116,549,גנות הדר,233,35,ישובים כפריים יהודים אחרים,GANNOT HADAR
34.7551284458432,31.671601395851,117,117,553,ניר בנים,540,31,מושבים (כפרים שיתופיים) (ב),NIR BANIM
34.7417751494645,31.8322965152278,118,118,555,שדמה,396,31,מושבים (כפרים שיתופיים) (ב),SHEDEMA
35.0826803049436,32.9504148891396,119,119,559,בוסתן הגליל,440,31,מושבים (כפרים שיתופיים) (ב),BUSTAN HAGALIL
34.8032535255454,31.8444569650228,120,120,562,בית אלעזרי,858,31,מושבים (כפרים שיתופיים) (ב),BET EL'AZARI
34.9013553887679,31.8228510643206,121,121,563,משמר דוד,242,33,קיבוצים,MISHMAR DAWID
34.8164654879373,31.7720545852246,122,122,564,רבדים,296,33,קיבוצים,REVADIM
34.8079361878303,32.0228263959495,123,123,565,אזור,9670,18,"2000-9999 תושבים,ישובים יהודים",AZOR
34.9515041658275,31.7752212758893,124,124,566,גבעת שמש,74,34,ישובים מוסדיים יהודים,GIV'AT SHEMESH
34.9696856392017,31.7617686908908,125,125,567,צרעה,701,33,קיבוצים,ZOR'A
35.2619467040239,33.0172368219491,126,126,570,מעונה,500,31,מושבים (כפרים שיתופיים) (ב),ME'ONA
35.145081815942,32.9707942122656,127,127,572,בית העמק,444,33,קיבוצים,BET HAEMEQ
34.5742933914988,31.6213725985908,128,128,573,מבקיעים,229,32,מושבים שיתופיים,MAVQI'IM
35.1101119490793,33.0410952342923,129,129,574,גשר הזיו,491,33,קיבוצים,GESHER HAZIW
35.1665048878938,32.9007546116096,130,130,575,יסעור,269,33,קיבוצים,YAS'UR
35.1467394305892,33.0204069250232,131,131,576,כברי,728,33,קיבוצים,KABRI
34.8220692086841,31.7977336506641,132,132,577,יד בנימין,397,35,ישובים כפריים יהודים אחרים,YAD BINYAMIN
35.4347327655351,33.0610613615012,133,133,578,סאסא,371,33,קיבוצים,SASA
35.1148025187687,33.0860412857772,134,134,579,כפר ראש הנקרה,491,33,קיבוצים,KEFAR ROSH HANIQRA
34.9900994691316,32.6462719782919,135,135,580,"כרם מהר""ל",373,31,מושבים (כפרים שיתופיים) (ב),KEREM MAHARAL
34.7490192212923,31.886983782147,136,136,582,כפר הנגיד,892,31,מושבים (כפרים שיתופיים) (ב),KEFAR HANAGID
35.4526638210314,32.7869965267703,137,137,585,לביא,640,33,קיבוצים,LAVI
35.1818167040513,32.5795358349447,138,138,586,מגידו,310,33,קיבוצים,MEGIDDO
34.8779796665079,32.046670504905,139,139,587,סביון,2470,18,"2000-9999 תושבים,ישובים יהודים",SAVYON
34.7909153575378,31.7699700902113,140,140,588,בני ראם,822,31,מושבים (כפרים שיתופיים) (ב),BENE RE'EM
35.1344309382317,33.0706464728838,141,141,589,בצת,318,31,מושבים (כפרים שיתופיים) (ב),BEZET
35.5528468209131,32.5879494552047,142,142,590,נווה אור,393,33,קיבוצים,NEWE UR
34.7472840915756,31.8246073175886,143,143,591,עשרת,1080,35,ישובים כפריים יהודים אחרים,ASERET
34.7721470187629,31.7341942545464,144,144,593,ערוגות,688,31,מושבים (כפרים שיתופיים) (ב),ARUGOT
34.8559431175175,32.003203181758,145,145,594,צפרייה,623,31,מושבים (כפרים שיתופיים) (ב),ZAFRIYYA
35.0979750878967,32.9622155823248,146,146,595,לוחמי הגיטאות,480,33,קיבוצים,LOHAME HAGETA'OT
35.5109377163419,33.0978860756263,147,147,596,מלכייה,305,33,קיבוצים,MALKIYYA
34.7073380630971,31.9319514174131,148,148,597,פלמחים,436,33,קיבוצים,PALMAHIM
34.7612350797775,31.4462558551115,149,149,598,בית קמה,216,33,קיבוצים,BET QAMA
35.4337660227598,32.9274038481003,150,150,599,פרוד,265,33,קיבוצים,PAROD
34.3961369639535,31.33458787733,151,151,602,נירים,365,33,קיבוצים,NIRIM
35.3237035340082,33.0333082502223,152,152,603,אלקוש,334,31,מושבים (כפרים שיתופיים) (ב),ELQOSH
34.9344921787878,31.9957788720568,153,153,604,בית עריף,618,31,מושבים (כפרים שיתופיים) (ב),BET ARIF
35.4570715152715,32.9566734272178,154,154,605,כפר שמאי,308,31,מושבים (כפרים שיתופיים) (ב),KEFAR SHAMMAY
34.9252525835119,32.0521763840194,155,155,606,מזור,883,31,מושבים (כפרים שיתופיים) (ב),MAZOR
35.4430529998336,32.9905684471259,156,156,607,מירון,805,31,מושבים (כפרים שיתופיים) (ב),MERON
35.4394739047759,33.0097278377809,157,157,609,כפר חושן,579,31,מושבים (כפרים שיתופיים) (ב),KEFAR HOSHEN
34.8450582197527,31.8907320409537,158,158,610,סתרייה,844,31,מושבים (כפרים שיתופיים) (ב),SITRIYYA
34.9478104029384,32.6487937148729,159,159,612,צרופה,707,31,מושבים (כפרים שיתופיים) (ב),ZERUFA
35.2785186811568,32.7473805297266,160,160,613,ציפורי,456,31,מושבים (כפרים שיתופיים) (ב),ZIPPORI
35.2850415729613,33.0846402398813,161,161,614,שומרה,310,31,מושבים (כפרים שיתופיים) (ב),SHOMERA
34.7959123081381,31.8154282182043,162,162,615,קדרון,941,31,מושבים (כפרים שיתופיים) (ב),QIDRON
34.9280563998521,32.0443989014385,163,163,616,רינתיה,740,31,מושבים (כפרים שיתופיים) (ב),RINNATYA
35.0292863549394,32.4751669378143,164,164,617,ברקאי,327,33,קיבוצים,BARQAY
34.9334118084142,31.9683688924703,165,165,618,חדיד,555,31,מושבים (כפרים שיתופיים) (ב),HADID
35.4467680943207,33.0225582711577,166,166,487,ג'ש (גוש חלב),2560,28,"2000-9999 תושבים,ישובים לא יהודים",JISH(GUSH HALAV)
35.162243159757,32.9533943955395,167,167,507,כפר יאסיף,7820,28,"2000-9999 תושבים,ישובים לא יהודים",KAFAR YASIF
35.1216679640719,31.7943693531156,168,168,521,עין נקובא,1650,45,ישובים כפריים אחרים לא יהודים,EIN NAQQUBA
35.3526541951463,32.7220471181356,169,169,532,עין מאהל,9840,28,"2000-9999 תושבים,ישובים לא יהודים",EIN MAHEL
35.4041101301643,32.6345709645851,170,170,547,טמרה (יזרעאל),1160,45,ישובים כפריים אחרים לא יהודים,TAMRA (YIZRE'EL)
34.761322608684,31.8572782117264,171,171,571,בית גמליאל,702,31,מושבים (כפרים שיתופיים) (ב),BET GAMLI'EL
34.5217330622824,31.6083912674299,172,172,584,זיקים,344,33,קיבוצים,ZIQIM
34.6926501952308,31.8204591590003,173,173,592,בני דרום,300,32,מושבים שיתופיים,BENE DAROM
34.8957741018792,31.6122589721762,174,174,619,בית גוברין,231,33,קיבוצים,BET GUVRIN
34.6910775427782,31.7028726227964,175,175,620,משואות יצחק,548,32,מושבים שיתופיים,MASSU'OT YIZHAQ
34.7186103324409,31.6953773541279,176,176,622,עין צורים,527,33,קיבוצים,EN ZURIM
34.9550560221171,32.1506960922544,177,177,627,ג'לג'וליה,6860,28,"2000-9999 תושבים,ישובים לא יהודים",JALJULYE
35.0378575976148,32.3991503975494,178,178,628,גת,8650,28,"2000-9999 תושבים,ישובים לא יהודים",JATT
34.970905233753,32.1310763628142,179,179,633,כפר ברא,2310,28,"2000-9999 תושבים,ישובים לא יהודים",KAFAR BARA
34.975985039267,32.1145123561958,180,180,634,כפר קאסם,15700,27,"10000-19999 תושבים,ישובים לא יהודים",KAFAR QASEM
35.29645167223,32.5141621628612,181,181,635,מוקייבלה,2810,28,"2000-9999 תושבים,ישובים לא יהודים",MUQEIBLE
35.3224831153568,32.5228439840863,182,182,636,צנדלה,1330,45,ישובים כפריים אחרים לא יהודים,SANDALA
35.0917791238782,32.5008377402292,183,183,637,ערערה,14500,27,"10000-19999 תושבים,ישובים לא יהודים",AR'ARA
35.0929806545534,32.4732907762766,184,184,639,ברטעה,2210,28,"2000-9999 תושבים,ישובים לא יהודים",BARTAA
35.1855716578313,32.5492385488619,185,185,640,זלפה,2740,28,"2000-9999 תושבים,ישובים לא יהודים",        ZALAFE
35.1551482426755,32.5442661161739,186,186,642,מוצמוץ,2650,28,"2000-9999 תושבים,ישובים לא יהודים",        MUSMUS
35.1041219111686,32.5315507247546,187,187,643,מועאוויה,2030,28,"2000-9999 תושבים,ישובים לא יהודים",        MU'AWIYE
35.1986501433702,32.5433125791501,188,188,644,סאלם,825,45,ישובים כפריים אחרים לא יהודים,        SALEM
35.1566393219416,32.5537135656405,189,189,645,מושיירפה,2160,28,"2000-9999 תושבים,ישובים לא יהודים",        MUSHEIRFE
35.048074381248,32.4403305205332,190,190,648,מצר,370,33,קיבוצים,MEZER
35.042570076572,32.4445045503112,191,191,649,מייסר,1480,45,ישובים כפריים אחרים לא יהודים,MEISER
35.1124881898283,32.7621152129938,192,192,652,אבטין,1990,45,ישובים כפריים אחרים לא יהודים,IBTIN
35.0504676066697,32.504855613382,193,193,654,כפר קרע,13100,27,"10000-19999 תושבים,ישובים לא יהודים",KAFAR QARA
35.1479966825718,32.9939889646303,194,194,658,שייח' דנון,2150,28,"2000-9999 תושבים,ישובים לא יהודים",SHEIKH DANNUN
34.9979430473864,32.2894798827218,195,195,661,שער אפרים,932,31,מושבים (כפרים שיתופיים) (ב),SHA'AR EFRAYIM
35.2994071901162,32.9979576351467,196,196,662,חוסן,541,31,מושבים (כפרים שיתופיים) (ב),HOSEN
34.9333545847644,32.0132256706288,197,197,663,טירת יהודה,666,31,מושבים (כפרים שיתופיים) (ב),TIRAT YEHUDA
35.4710273755546,33.0339861960275,198,198,664,כרם בן זמרה,396,31,מושבים (כפרים שיתופיים) (ב),KEREM BEN ZIMRA
34.5804169902279,31.4514863783502,199,199,665,תקומה,421,31,מושבים (כפרים שיתופיים) (ב),TEQUMA
34.8459143424507,31.2685099917549,200,200,666,עומר,5840,18,"2000-9999 תושבים,ישובים יהודים",OMER
35.3929923013942,33.0218007034776,201,201,667,ברעם,488,33,קיבוצים,BAR'AM
34.5631319784657,31.5007795408582,202,202,668,מפלסים,424,33,קיבוצים,MEFALLESIM
34.9447700109225,31.8717716116433,203,203,670,משמר איילון,396,31,מושבים (כפרים שיתופיים) (ב),MISHMAR AYYALON
35.1262631931283,31.8042383003577,204,204,672,בית נקופה,394,31,מושבים (כפרים שיתופיים) (ב),BET NEQOFA
35.1111291483957,33.0607147129996,205,205,674,לימן,539,31,מושבים (כפרים שיתופיים) (ב),LIMAN
34.9331873063661,32.6408368926345,206,206,675,הבונים,249,32,מושבים שיתופיים,HABONIM
34.4014865669292,31.3515144370782,207,207,676,עין השלושה,340,33,קיבוצים,EN HASHELOSHA
35.2375603925082,32.7519610417178,208,208,677,הסוללים,557,33,קיבוצים,HASOLELIM
35.6006926517866,32.7062481798758,209,209,678,מעגן,339,33,קיבוצים,MA'AGAN
34.9930895232425,32.5317175728932,210,210,679,אביאל,366,31,מושבים (כפרים שיתופיים) (ב),AVI'EL
34.9949913454512,32.3698219694086,211,211,680,אומץ,380,31,מושבים (כפרים שיתופיים) (ב),OMEZ
34.8531216070731,32.0772067364573,212,212,681,גבעת שמואל,15200,17,"10000-19999 תושבים,ישובים יהודים",GIV'AT SHEMU'EL
35.0674170420562,32.6320889340107,213,213,682,אליקים,569,35,ישובים כפריים יהודים אחרים,ELYAQIM
34.9575008067487,32.6630785183514,214,214,683,גבע כרמל,635,31,מושבים (כפרים שיתופיים) (ב),GEVA  KARMEL
34.7521928252854,31.8428613730924,215,215,685,בניה,679,31,מושבים (כפרים שיתופיים) (ב),BENAYA
34.9396323493517,32.1717140960313,216,216,686,נווה ימין,946,31,מושבים (כפרים שיתופיים) (ב),NEWE YAMIN
34.9475732133313,32.6294299517662,217,217,687,עין איילה,586,31,מושבים (כפרים שיתופיים) (ב),EN AYYALA
35.4999417625748,33.0518591410996,218,218,688,עלמה,732,31,מושבים (כפרים שיתופיים) (ב),ALMA
34.9588888150623,32.7289704840775,219,219,689,מגדים,707,31,מושבים (כפרים שיתופיים) (ב),MEGADIM
34.7564677757051,31.7444206791972,220,220,690,כפר אחים,390,31,מושבים (כפרים שיתופיים) (ב),KEFAR AHIM
34.7292275444358,31.6968086779423,221,221,692,שפיר,346,31,מושבים (כפרים שיתופיים) (ב),SHAFIR
34.9819180156667,31.6881552212046,222,222,693,"נתיב הל""ה",420,33,קיבוצים,NETIV HALAMED-HE
34.9156232243386,32.5563282493292,223,223,694,מעגן מיכאל,1290,33,קיבוצים,MA'AGAN MIKHA'EL
34.4290808669947,31.2982796081947,224,224,695,מגן,437,33,קיבוצים,MAGEN
34.8500033636913,31.9900947639612,225,225,696,"כפר חב""ד",4220,18,"2000-9999 תושבים,ישובים יהודים",KEFAR HABAD
34.9850667365664,32.3215257708361,226,226,697,בארותיים,508,31,מושבים (כפרים שיתופיים) (ב),BE'EROTAYIM
34.9624936334709,32.3246312050809,227,227,698,בורגתה,857,31,מושבים (כפרים שיתופיים) (ב),BURGETA
34.6361095939058,31.6874698393653,228,228,699,ניר ישראל,604,31,מושבים (כפרים שיתופיים) (ב),NIR YISRA'EL
34.7699910328909,31.7806575783498,229,229,700,חצב,867,31,מושבים (כפרים שיתופיים) (ב),HAZAV
35.4837547743518,32.8125428337556,230,230,701,ארבל,339,31,מושבים (כפרים שיתופיים) (ב),ARBEL
35.6218787428508,32.7251645347329,231,231,702,האון,191,33,קיבוצים,HAON
35.1984125864267,32.5554077281111,232,232,703,גבעת עוז,336,33,קיבוצים,GIV'AT OZ
34.9484560800609,32.0611609889159,233,233,705,נחשונים,290,33,קיבוצים,NAHSHONIM
34.6035053857416,31.6279954788273,234,234,706,גיאה,493,31,מושבים (כפרים שיתופיים) (ב),GE'A
34.9320360730018,31.9327370098517,235,235,707,כפר דניאל,274,32,מושבים שיתופיים,KEFAR DANIYYEL
35.1625426395805,32.97897967585,236,236,708,עמקה,523,31,מושבים (כפרים שיתופיים) (ב),AMQA
34.6769967107944,31.3256563084741,237,237,709,תפרח,1190,31,מושבים (כפרים שיתופיים) (ב),TIFRAH
35.1618897109992,31.7823758265033,238,238,710,בית זית,1110,31,מושבים (כפרים שיתופיים) (ב),BET ZAYIT
34.9102079088112,31.8893595398899,239,239,711,עזריה,731,31,מושבים (כפרים שיתופיים) (ב),AZARYA
35.1236845063091,33.0058526919217,240,240,712,בן עמי,403,31,מושבים (כפרים שיתופיים) (ב),BEN AMMI
34.4604281661173,31.3855708715185,241,241,713,רעים,334,33,קיבוצים,RE'IM
34.5667522205345,31.5600426959622,242,242,714,ארז,330,33,קיבוצים,EREZ
35.0095960945261,32.3950029811359,243,243,715,להבות חביבה,265,33,קיבוצים,LAHAVOT HAVIVA
34.9788434071656,32.211018707818,244,244,716,אייל,385,33,קיבוצים,EYAL
34.9472400499329,32.1378840691607,245,245,717,חגור,588,31,מושבים (כפרים שיתופיים) (ב),HAGOR
34.968834096908,32.1532187074198,246,246,718,ירחיב,682,31,מושבים (כפרים שיתופיים) (ב),YARHIV
35.6176720526444,32.7052606451209,247,247,719,תל קציר,225,33,קיבוצים,TEL QAZIR
34.6798700204974,31.8227365567108,248,248,720,ניר גלים,547,32,מושבים שיתופיים,NIR GALLIM
35.4238625132618,32.7467306853138,249,249,721,שדה אילן,369,31,מושבים (כפרים שיתופיים) (ב),SEDE ILAN
34.8986689542626,32.0467829931429,250,250,722,מגשימים,679,31,מושבים (כפרים שיתופיים) (ב),MAGSHIMIM
34.6067829295251,31.4247814643576,251,251,723,בית הגדי,619,31,מושבים (כפרים שיתופיים) (ב),BET HAGADDI
34.6416402474564,31.6755598145155,252,252,726,הודייה,556,31,מושבים (כפרים שיתופיים) (ב),HODIYYA
34.762112298237,31.7539603023216,253,253,727,תלמי יחיאל,562,31,מושבים (כפרים שיתופיים) (ב),TALME YEHI'EL
34.8243087730242,32.0096256887819,254,254,729,משמר השבעה,703,31,מושבים (כפרים שיתופיים) (ב),MISHMAR HASHIV'A
35.5521871481349,32.9469262566594,255,255,730,אליפלט,460,31,מושבים (כפרים שיתופיים) (ב),ELIFELET
34.7540129790608,31.8184635231829,256,256,731,מישר,457,31,מושבים (כפרים שיתופיים) (ב),MESHAR
35.5998709143452,33.0048641183031,257,257,732,משמר הירדן,364,31,מושבים (כפרים שיתופיים) (ב),MISHMAR HAYARDEN
34.9945404089755,32.3495465688768,258,258,734,גן יאשיה,509,31,מושבים (כפרים שיתופיים) (ב),GAN YOSHIYYA
34.8520758713634,31.8733307487448,259,259,735,רמות מאיר,456,31,מושבים (כפרים שיתופיים) (ב),RAMOT ME'IR
34.6534389662977,31.3269313649727,260,260,736,גילת,790,31,מושבים (כפרים שיתופיים) (ב),GILAT
34.9863316548873,32.3325325186588,261,261,737,עולש,709,31,מושבים (כפרים שיתופיים) (ב),OLESH
34.9258049370357,32.6072123919369,262,262,738,דור,321,31,מושבים (כפרים שיתופיים) (ב),DOR
34.6764924209784,31.7574842859859,263,263,739,שדה עוזיהו,1190,31,מושבים (כפרים שיתופיים) (ב),SEDE UZZIYYAHU
35.0087156492902,31.7815408761621,264,264,740,אשתאול,702,31,מושבים (כפרים שיתופיים) (ב),ESHTA'OL
35.0779804955811,31.7981130655785,265,265,741,שואבה,399,31,מושבים (כפרים שיתופיים) (ב),SHO'EVA
35.011173057706,31.802498582382,266,266,742,מסילת ציון,585,31,מושבים (כפרים שיתופיים) (ב),MESILLAT ZIYYON
34.9323584315177,31.889986192899,267,267,743,כפר שמואל,510,31,מושבים (כפרים שיתופיים) (ב),KEFAR SHEMU'EL
34.6173638979894,31.6157546202501,268,268,744,תלמי יפה,129,32,מושבים שיתופיים,TALME YAFE
35.4546496521041,33.0773493511725,269,269,623,יראון,354,33,קיבוצים,YIR'ON
34.9791750413551,32.2846309199719,270,270,638,קלנסווה,15500,27,"10000-19999 תושבים,ישובים לא יהודים",QALANSAWE
35.1168484711834,32.4905204099032,271,271,657,עין א-סהלה,981,45,ישובים כפריים אחרים לא יהודים,        EIN AS-SAHLE
34.9238399445534,31.9804842622473,272,272,673,כפר טרומן,483,31,מושבים (כפרים שיתופיים) (ב),KEFAR TRUMAN
35.2061512298538,32.6118692406558,273,273,684,היוגב,545,31,מושבים (כפרים שיתופיים) (ב),HAYOGEV
34.9408286819662,31.9282452037304,274,274,745,גמזו,658,31,מושבים (כפרים שיתופיים) (ב),GIMZO
34.6257481333826,31.6696912952738,275,275,746,ברכיה,841,31,מושבים (כפרים שיתופיים) (ב),BEREKHYA
34.6085365256113,31.6379448810636,276,276,747,בית שקמה,634,31,מושבים (כפרים שיתופיים) (ב),BET SHIQMA
34.588854012338,31.3233941426732,277,277,748,מסלול,334,31,מושבים (כפרים שיתופיים) (ב),MASLUL
34.5594120793443,31.3268881043951,278,278,749,פטיש,667,31,מושבים (כפרים שיתופיים) (ב),PATTISH
34.6118474110405,31.3269501435309,279,279,750,פדויים,313,31,מושבים (כפרים שיתופיים) (ב),PEDUYIM
35.0368153561291,31.7941988463885,280,280,751,בית מאיר,527,31,מושבים (כפרים שיתופיים) (ב),BET ME'IR
34.9745721134332,31.8009229857184,281,281,752,תעוז,429,31,מושבים (כפרים שיתופיים) (ב),TA'OZ
34.9499135307068,32.3070977356274,282,282,753,ינוב,692,31,מושבים (כפרים שיתופיים) (ב),YANUV
34.6554898041993,31.7366123919987,283,283,756,בית עזרא,868,31,מושבים (כפרים שיתופיים) (ב),BET EZRA
34.8745926963984,31.9058307454284,284,284,757,מצליח,1030,31,מושבים (כפרים שיתופיים) (ב),MAZLIAH
35.0065714510886,32.3256755418846,285,285,758,יד חנה,117,33,קיבוצים,YAD HANNA
34.861124948093,31.8632247504799,286,286,759,יציץ,734,31,מושבים (כפרים שיתופיים) (ב),YAZIZ
34.7289138761664,31.8562763715819,287,287,760,בן זכאי,549,31,מושבים (כפרים שיתופיים) (ב),BEN ZAKKAY
34.544274350868,31.4528495131434,288,288,761,שובה,337,31,מושבים (כפרים שיתופיים) (ב),SHUVA
34.6320996531001,31.3344101533115,289,289,762,בטחה,675,31,מושבים (כפרים שיתופיים) (ב),BITHA
34.6839115126012,31.7736958158061,290,290,763,שתולים,1440,31,מושבים (כפרים שיתופיים) (ב),SHETULIM
34.755269808934,31.8313302918222,291,291,764,כפר מרדכי,476,31,מושבים (כפרים שיתופיים) (ב),KEFAR MORDEKHAY
34.7302402547647,31.6623028703227,292,292,766,קוממיות,245,31,מושבים (כפרים שיתופיים) (ב),QOMEMIYYUT
34.9513543870878,32.2770898104756,293,293,767,פורת,924,31,מושבים (כפרים שיתופיים) (ב),PORAT
34.5421649127248,31.6041741399276,294,294,768,כרמייה,326,33,קיבוצים,KARMIYYA
34.991628232984,32.7008014089138,295,295,769,ניר עציון,800,32,מושבים שיתופיים,NIR EZYON
35.1034733006537,31.7228639405306,296,296,771,מבוא ביתר,269,32,מושבים שיתופיים,MEVO BETAR
34.6759206692315,31.7434643661154,297,297,772,אמונים,652,31,מושבים (כפרים שיתופיים) (ב),EMUNIM
35.0209023171306,32.5634874744489,298,298,773,עמיקם,436,31,מושבים (כפרים שיתופיים) (ב),AMMIQAM
35.3120818848794,33.0085321648339,299,299,774,צוריאל,300,31,מושבים (כפרים שיתופיים) (ב),ZURI'EL
34.7047271160365,31.655135946565,300,300,775,יד נתן,312,31,מושבים (כפרים שיתופיים) (ב),YAD NATAN
35.007173141114,31.7478115568747,301,301,776,מחסיה,351,31,מושבים (כפרים שיתופיים) (ב),MAHSEYA
34.9544357773479,31.8310669934684,302,302,777,נחשון,383,33,קיבוצים,NAHSHON
34.9816717568279,31.7833093625221,303,303,778,תרום,483,31,מושבים (כפרים שיתופיים) (ב),TARUM
35.1419120938139,31.7515573828264,304,304,779,עמינדב,595,31,מושבים (כפרים שיתופיים) (ב),AMMINADAV
35.1534919562931,31.7549060021027,305,305,780,אורה,795,31,מושבים (כפרים שיתופיים) (ב),ORA
35.1331832607224,31.7624021772043,306,306,783,אבן ספיר,599,31,מושבים (כפרים שיתופיים) (ב),EVEN SAPPIR
34.9551982812436,31.9755371712822,307,307,784,בית נחמיה,632,31,מושבים (כפרים שיתופיים) (ב),BET NEHEMYA
35.1846046682481,32.9070085445885,308,308,785,אחיהוד,650,31,מושבים (כפרים שיתופיים) (ב),AHIHUD
35.4612406764021,32.8095919684401,309,309,786,כפר זיתים,490,31,מושבים (כפרים שיתופיים) (ב),KEFAR ZETIM
35.0921345037146,31.786630383641,310,310,787,גבעת יערים,925,31,מושבים (כפרים שיתופיים) (ב),GIV'AT YE'ARIM
34.8901914762076,31.9756764251196,311,311,788,זיתן,770,31,מושבים (כפרים שיתופיים) (ב),ZETAN
34.6010255603871,31.3378415043374,312,312,789,רנן,350,31,מושבים (כפרים שיתופיים) (ב),RANNEN
34.6240053817388,31.6572699966761,313,313,791,משען,642,31,מושבים (כפרים שיתופיים) (ב),MASH'EN
35.1360340358667,32.9938326328252,314,314,792,נתיב השיירה,436,31,מושבים (כפרים שיתופיים) (ב),NETIV HASHAYYARA
34.6798389006645,31.7326082075865,315,315,793,גבעתי,717,31,מושבים (כפרים שיתופיים) (ב),GIV'ATI
34.9127916189244,31.6968730162905,316,316,794,עגור,315,31,מושבים (כפרים שיתופיים) (ב),AGUR
35.1854485232692,33.067551670849,317,317,795,יערה,512,31,מושבים (כפרים שיתופיים) (ב),YA'ARA
34.9314662000719,31.8046411525665,318,318,796,צלפון,603,31,מושבים (כפרים שיתופיים) (ב),ZELAFON
34.8717744578061,31.9812090416225,319,319,797,אחיעזר,1160,31,מושבים (כפרים שיתופיים) (ב),AHI'EZER
34.8790958887335,31.9883071626564,320,320,798,יגל,638,31,מושבים (כפרים שיתופיים) (ב),YAGEL
34.9448040775968,31.7097117385408,321,321,799,זכריה,653,31,מושבים (כפרים שיתופיים) (ב),ZEKHARYA
34.9258715468082,32.5288636987665,322,322,800,בית חנניה,545,31,מושבים (כפרים שיתופיים) (ב),BET HANANYA
34.8388924331897,32.0193328172804,323,323,801,חמד,502,31,מושבים (כפרים שיתופיים) (ב),HEMED
34.9361295628126,32.0300339740373,324,324,802,"גבעת כ""ח",471,31,מושבים (כפרים שיתופיים) (ב),GIV'AT KOAH
34.6092445172786,31.4430228432484,325,325,803,יושיביה,289,31,מושבים (כפרים שיתופיים) (ב),YOSHIVYA
34.90748170657,31.9347587126772,326,326,804,אחיסמך,1040,31,מושבים (כפרים שיתופיים) (ב),AHISAMAKH
34.9654955121489,31.7513440027013,327,327,805,ישעי,567,31,מושבים (כפרים שיתופיים) (ב),YISH'I
35.2390836461982,30.6604962574798,328,328,806,עין יהב,479,31,מושבים (כפרים שיתופיים) (ב),EN YAHAV
34.948236625063,32.3330886553797,329,329,807,חניאל,756,31,מושבים (כפרים שיתופיים) (ב),HANNI'EL
34.9490047072014,32.1970121767417,330,330,808,ניר אליהו,358,33,קיבוצים,NIR ELIYYAHU
35.0030153183227,31.7662119688783,331,331,809,נחם,442,31,מושבים (כפרים שיתופיים) (ב),NAHAM
34.981651268039,32.6224687190724,332,332,810,עופר,331,31,מושבים (כפרים שיתופיים) (ב),OFER
34.6000034975637,31.482957779584,333,333,811,יכיני,437,31,מושבים (כפרים שיתופיים) (ב),YAKHINI
35.1476387555821,33.0764120299681,334,334,812,שלומי,4930,18,"2000-9999 תושבים,ישובים יהודים",SHELOMI
35.2275007397023,33.0115472850475,335,335,813,עין יעקב,501,31,מושבים (כפרים שיתופיים) (ב),EN YA'AQOV
34.6725893273764,31.5643767478287,336,336,814,תלמים,516,31,מושבים (כפרים שיתופיים) (ב),TELAMIM
34.7602522177035,31.6589572833087,337,337,815,זבדיאל,393,31,מושבים (כפרים שיתופיים) (ב),ZAVDI'EL
34.6972467018978,31.7512827059777,338,338,817,עזריקם,1020,31,מושבים (כפרים שיתופיים) (ב),AZRIQAM
34.7460322950882,31.6815093300022,339,339,818,זרחיה,465,31,מושבים (כפרים שיתופיים) (ב),ZERAHYA
34.7435319392366,31.7097865969248,340,340,819,אביגדור,615,31,מושבים (כפרים שיתופיים) (ב),AVIGEDOR
34.6578787388127,31.5781106540852,341,341,820,חלץ,433,31,מושבים (כפרים שיתופיים) (ב),HELEZ
34.7703682048354,31.5539690843566,342,342,821,אחוזם,377,31,מושבים (כפרים שיתופיים) (ב),AHUZZAM
35.0613508388682,31.7177360986417,343,343,822,מטע,482,31,מושבים (כפרים שיתופיים) (ב),MATTA
35.0715655646194,31.7295588555824,344,344,823,בר גיורא,356,31,מושבים (כפרים שיתופיים) (ב),BAR GIYYORA
34.6687631234396,31.629453330672,345,345,824,כוכב מיכאל,515,31,מושבים (כפרים שיתופיים) (ב),KOKHAV MIKHA'EL
35.0549058999297,31.7449244181413,346,346,825,נס הרים,502,31,מושבים (כפרים שיתופיים) (ב),NES HARIM
34.7642041255866,31.5926723932811,347,347,826,עוזה,490,31,מושבים (כפרים שיתופיים) (ב),UZA
34.740462791802,31.8054694726399,348,348,827,נווה מבטח,437,31,מושבים (כפרים שיתופיים) (ב),NEWE MIVTAH
34.8458656980119,31.9148368136014,349,349,828,ישרש,649,31,מושבים (כפרים שיתופיים) (ב),YASHRESH
34.4084941626923,31.2399731723032,350,350,829,מבטחים,319,31,מושבים (כפרים שיתופיים) (ב),MIVTAHIM
34.9305403882779,30.9884728303792,351,351,831,ירוחם,8610,18,"2000-9999 תושבים,ישובים יהודים",YEROHAM
35.356621263983,32.5417121143242,352,352,833,נורית,0,0,ללא סוג,NURIT
34.8284944847478,32.0178575218523,353,353,836,גנות,450,31,מושבים (כפרים שיתופיים) (ב),GANNOT
34.970736742566,32.2618404959068,354,354,837,עזריאל,472,31,מושבים (כפרים שיתופיים) (ב),AZRI'EL
34.8815414689476,31.8578222371245,355,355,838,פדיה,519,31,מושבים (כפרים שיתופיים) (ב),PEDAYA
34.8870574137571,31.8668849613985,356,356,839,פתחיה,665,31,מושבים (כפרים שיתופיים) (ב),PETAHYA
34.400233345567,31.37448865346,357,357,840,כיסופים,202,33,קיבוצים,KISSUFIM
34.9278974023981,32.1522136093114,358,358,841,אלישמע,825,31,מושבים (כפרים שיתופיים) (ב),ELISHAMA
34.8283181666163,32.2298197791927,359,359,842,געש,504,33,קיבוצים,GA'ASH
35.5454954279447,33.218272206791,360,360,843,מרגליות,345,31,מושבים (כפרים שיתופיים) (ב),MARGALIYYOT
34.4976874735942,31.4723673101198,361,361,844,נחל עוז,288,33,קיבוצים,NAHAL OZ
34.5329801141481,31.4830447710776,362,362,845,כפר עזה,660,33,קיבוצים,KEFAR AZZA
35.4352085378395,32.9441919807361,363,363,846,שפר,256,31,מושבים (כפרים שיתופיים) (ב),SHEFER
34.729352990231,31.8169378008708,364,364,848,בית רבן,576,34,ישובים מוסדיים יהודים,BET RABBAN
34.8256298070343,31.4117692183955,365,365,849,דבירה,379,33,קיבוצים,DEVIRA
34.9907329746012,32.3877459743529,366,366,850,אחיטוב,734,31,מושבים (כפרים שיתופיים) (ב),AHITUV
35.0041847193968,32.3054856672687,367,367,851,ניצני עוז,706,31,מושבים (כפרים שיתופיים) (ב),NIZZANE OZ
35.646198493974,33.1227703339071,368,368,852,גונן,323,33,קיבוצים,GONEN
34.766183398679,31.8848072698645,369,369,853,גאליה,1070,31,מושבים (כפרים שיתופיים) (ב),GE'ALYA
35.4889191763638,32.4512973567433,370,370,854,רחוב,293,31,מושבים (כפרים שיתופיים) (ב),REHOV
34.9836103232288,31.8712938093835,371,371,856,שעלבים,1280,33,קיבוצים,SHA'ALVIM
35.2352931181616,33.0573413464802,372,372,755,גורן,445,31,מושבים (כפרים שיתופיים) (ב),GOREN
34.7394529241808,31.8203888318118,373,373,765,משגב דב,488,31,מושבים (כפרים שיתופיים) (ב),MISGAV DOV
34.7210191315354,31.8309826735415,374,374,857,כפר אביב,571,31,מושבים (כפרים שיתופיים) (ב),KEFAR AVIV
34.9244149881322,32.1349848674393,375,375,858,נווה ירק,846,31,מושבים (כפרים שיתופיים) (ב),NEWE YARAQ
35.0494240160694,31.7737434814002,376,376,859,כסלון,294,31,מושבים (כפרים שיתופיים) (ב),KESALON
35.5633126881793,33.0453144552681,377,377,861,שדה אליעזר,563,31,מושבים (כפרים שיתופיים) (ב),SEDE ELI'EZER
34.5446052196157,31.4258942999881,378,378,1095,כפר מימון,191,31,מושבים (כפרים שיתופיים) (ב),KEFAR MAYMON
34.7082244142712,31.6970440545592,379,379,1098,מרכז שפירא,2810,18,"2000-9999 תושבים,ישובים יהודים",MERKAZ SHAPPIRA#
34.8587311734649,32.3613394368957,380,380,1102,צוקי ים,256,35,ישובים כפריים יהודים אחרים,ZUQI YAM
34.8538388701003,31.878611036266,381,381,1103,גני הדר,232,35,ישובים כפריים יהודים אחרים,GANNE HADAR
35.5458693432542,32.717100310372,382,382,1104,פורייה - כפר עבודה,288,35,ישובים כפריים יהודים אחרים,PORIYYA-KEFAR AVODA
35.5375959255155,32.7432887647046,383,383,1105,פורייה - נווה עובד,888,35,ישובים כפריים יהודים אחרים,PORIYYA-NEWE OVED
35.2423763796041,32.5633541742884,384,384,1108,אומן,449,35,ישובים כפריים יהודים אחרים,OMEN
35.2643904284722,32.5477488608474,385,385,1110,חבר,345,35,ישובים כפריים יהודים אחרים,HEVER
35.2724025568354,32.8369047341607,386,386,1112,יודפת,320,32,מושבים שיתופיים,YODEFAT
35.0950300022886,31.7165793097111,387,387,1113,צור הדסה,3110,18,"2000-9999 תושבים,ישובים יהודים",ZUR HADASSA
34.9350560749441,31.6773315114808,388,388,1114,שריגים (לי-און),896,35,ישובים כפריים יהודים אחרים,SRIGIM (LI-ON)
35.4712894860213,33.0879437869772,389,389,1115,אביבים,435,31,מושבים (כפרים שיתופיים) (ב),AVIVIM
35.5723094902833,32.7164492440945,390,390,1120,אוהלו,0,0,ללא סוג,OHOLO
34.9949631850119,31.6603051948954,391,391,1123,אדרת,484,31,מושבים (כפרים שיתופיים) (ב),ADDERET
35.3828645488803,30.9369001431087,392,392,1124,נאות הכיכר,230,31,מושבים (כפרים שיתופיים) (ב),NE'OT HAKIKKAR
35.6021970473846,32.9107369394233,393,393,1125,אלמגור,207,31,מושבים (כפרים שיתופיים) (ב),ALMAGOR
35.2428940043982,32.6792611202173,394,394,874,מגדל העמק,24500,16,"20000-49999 תושבים,ישובים יהודים",MIGDAL HAEMEQ
34.9121970946771,32.3417516493631,395,395,897,מדרשת רופין,11,0,ללא סוג,MIDRESHET RUPPIN
35.5900674702848,32.9649387567136,396,396,962,טובא-זנגרייה,4790,28,"2000-9999 תושבים,ישובים לא יהודים",TUBA-ZANGARIYYE
34.9385031191273,31.8049150811226,397,397,1043,גיזו,156,35,ישובים כפריים יהודים אחרים,GIZO
35.251913984301,30.7991181961777,398,398,1053,עין חצבה,49,32,מושבים שיתופיים,EN HAZEVA
34.5526619939539,31.4482081588094,399,399,1065,זמרת,279,31,מושבים (כפרים שיתופיים) (ב),ZIMRAT
34.8774759556361,32.359321613618,400,400,1077,גבעת שפירא,139,31,מושבים (כפרים שיתופיים) (ב),GIV'AT SHAPPIRA
35.4189540840505,32.4760580984334,401,401,1127,מעלה גלבוע,236,33,קיבוצים,MA'ALE GILBOA
35.1453499118998,32.5031071501897,402,402,1128,מי עמי,208,32,מושבים שיתופיים,ME AMMI
35.0659231464329,29.9388814562587,403,403,1129,גרופית,315,33,קיבוצים,GEROFIT
35.2879326469718,33.0989164446447,404,404,1130,כפר רוזנואלד (זרעית),234,31,מושבים (כפרים שיתופיים) (ב),KEFAR ROZENWALD(ZARIT)
35.6771661927352,33.240411184459,405,405,1132,שניר,292,33,קיבוצים,SENIR
34.7816541165855,31.6642395569912,406,406,1133,ורדון,362,35,ישובים כפריים יהודים אחרים,WARDON
35.0910341982172,31.8075893945425,407,407,1134,יד השמונה,87,32,מושבים שיתופיים,YAD HASHEMONA
34.4235852065994,31.2374335303808,408,408,1136,צוחר,502,35,ישובים כפריים יהודים אחרים,ZOHAR
35.0992861709854,31.8032353691539,409,409,1137,קריית יערים,2820,18,"2000-9999 תושבים,ישובים יהודים",QIRYAT YE'ARIM
35.2441396914511,32.8776646923299,410,410,1138,יעד,556,31,מושבים (כפרים שיתופיים) (ב),YA'AD
35.2976792442067,32.9136937281702,411,411,1139,כרמיאל,42400,16,"20000-49999 תושבים,ישובים יהודים",KARMI'EL
34.986864925018,31.9339706504981,412,412,1141,מבוא מודיעים,171,37,ישובים קהילתיים,MEVO MODI'IM
35.1209411778997,32.9666999728968,413,413,1143,נס עמים,64,45,ישובים כפריים אחרים לא יהודים,NES AMMIM
34.7439628709989,31.6518102553142,414,414,1145,אלומה,522,35,ישובים כפריים יהודים אחרים,ALUMMA
34.5133533689666,31.4517749498002,415,415,1146,עלומים,376,33,קיבוצים,ALUMIM
35.3274710787352,33.0646732871275,416,416,1147,נטועה,251,31,מושבים (כפרים שיתופיים) (ב),NETU'A
35.0026863716413,32.2404128460738,417,417,1148,צור נתן,214,32,מושבים שיתופיים,ZUR NATAN
34.6708174461075,31.7368524625079,418,418,1149,עזר,951,35,ישובים כפריים יהודים אחרים,EZER
35.1810609023003,30.5597220563857,419,419,1150,צופר,309,31,מושבים (כפרים שיתופיים) (ב),ZOFAR
35.1534041955691,30.3657520026334,420,420,1151,פארן,392,31,מושבים (כפרים שיתופיים) (ב),PARAN
34.707008085694,30.969971765645,421,421,1152,אשלים,204,37,ישובים קהילתיים,ASHALIM
35.412781360016,32.4381374257376,422,422,1154,מלכישוע,0,0,ללא סוג,MALKISHUA
35.3075204642114,32.5212043769103,423,423,1155,מגן שאול,248,31,מושבים (כפרים שיתופיים) (ב),MAGEN SHA'UL
35.0228278812062,29.8317245817169,424,424,1156,סמר,185,33,קיבוצים,SAMAR
34.7688588951704,31.7436691492962,425,425,1157,אחווה,254,35,ישובים כפריים יהודים אחרים,AHAWA
35.1295061365554,30.0837197223047,426,426,1158,יהל,196,33,קיבוצים,YAHEL
35.2472234209174,32.8483585216606,427,427,1160,שכניה,523,37,ישובים קהילתיים,SHEKHANYA
34.7559551556517,31.3927681489777,428,428,1161,רהט,34100,26,"20000-49999 תושבים,ישובים לא יהודים",RAHAT
35.3948753711754,32.9195461240957,429,429,1163,מורן,115,33,קיבוצים,MORAN
35.0189935498955,31.9180863988417,430,430,1165,שילת,353,31,מושבים (כפרים שיתופיים) (ב),SHILAT
35.0305976011679,31.9097641468793,431,431,1166,כפר רות,219,31,מושבים (כפרים שיתופיים) (ב),KEFAR RUT
34.9071590363426,32.5065224907593,432,432,1167,קיסריה,3560,18,"2000-9999 תושבים,ישובים יהודים",QESARYYA
35.3574085905084,32.8816234027397,433,433,1171,לוטם,376,33,קיבוצים,LOTEM
35.2461575877853,32.9298800881723,434,434,1172,תובל,173,33,קיבוצים,TUVAL
35.2656542622549,32.9609606147088,435,435,1173,לפידות,154,31,מושבים (כפרים שיתופיים) (ב),LAPPIDOT
35.2379001375129,32.8528177931828,436,436,1174,מנוף,554,31,מושבים (כפרים שיתופיים) (ב),MANOF
35.1882090239308,30.6077228025364,437,437,1176,ספיר,284,35,ישובים כפריים יהודים אחרים,SAPPIR
34.7721134083034,30.9928009828133,438,438,1177,טללים,144,33,קיבוצים,TELALIM
35.2340894474928,32.8269510457844,439,439,1178,מורשת,731,37,ישובים קהילתיים,MORESHET
35.2521791679782,32.8440718983985,440,440,1179,קורנית,601,37,ישובים קהילתיים,QORANIT
35.3310138638261,32.8898549484908,441,441,1180,צביה,273,37,ישובים קהילתיים,ZVIYYA
35.1788033149761,32.926782038426,442,442,1181,טל-אל,844,37,ישובים קהילתיים,TAL-EL
35.2202444600421,32.759035458801,443,443,1182,אלון הגליל,864,37,ישובים קהילתיים,ALLON HAGALIL
35.0076786593711,32.6376429531899,444,444,503, ,0,0, , 
34.9996008075743,31.7323382456601,445,445,816, ,0,0, , 
35.1085415111881,32.7125228712665,446,446,882, ,0,0, , 
34.7945182899228,31.7621490071829,447,447,1106, ,0,0, , 
35.3080355524927,32.552362691469,448,448,1117, ,0,0, , 
35.1995729973644,32.9803790118776,449,449,1183,כליל,220,37,ישובים קהילתיים,KELIL
35.2324742759666,32.9331192839459,450,450,1185,פלך,14,33,קיבוצים,PELEKH
35.292092797342,32.7581923058358,451,451,1186,הושעיה,1150,37,ישובים קהילתיים,HOSHA'AYA
35.246448174063,30.8096280011144,452,452,1187,עיר אובות,0,0,ללא סוג,IR OVOT
35.2984433948028,32.8837339173204,453,453,1188,אשחר,376,37,ישובים קהילתיים,ESHHAR
35.3862236852055,32.8027967947396,454,454,1190,מצפה נטופה,529,37,ישובים קהילתיים,MIZPE NETOFA
35.441157692189,32.9972976884084,455,455,1191,בר יוחאי,438,37,ישובים קהילתיים,BAR YOHAY
35.0222680479446,31.1553589492359,456,456,1192,ערערה-בנגב,10500,27,"10000-19999 תושבים,ישובים לא יהודים",AR'ARA-BANEGEV
35.0272058089348,30.0496200303961,457,457,1197,נאות סמדר,164,33,קיבוצים,NE'OT SMADAR
34.9176941075088,31.3330679937265,458,458,1198,כרמים,85,33,קיבוצים,KERAMIM
34.5724978477281,31.4432135991203,459,459,5,יזרעם,0,0,ללא סוג,"YIZRE""M"
34.7259348343238,31.6208325240177,460,460,7,שחר,458,31,מושבים (כפרים שיתופיים) (ב),SHAHAR
34.8861267663893,31.750588545022,461,461,10,תירוש,400,31,מושבים (כפרים שיתופיים) (ב),TIROSH
34.7146540970459,31.609304293522,462,462,11,"ניר ח""ן",306,31,מושבים (כפרים שיתופיים) (ב),NIR HEN
35.2800572876859,30.7678425673084,463,463,13,חצבה,410,31,מושבים (כפרים שיתופיים) (ב),HAZEVA
34.7883263905937,31.56791719892,464,464,15,נועם,411,31,מושבים (כפרים שיתופיים) (ב),NO'AM
34.8742789389982,31.6473272863412,465,465,16,בית ניר,261,33,קיבוצים,BET NIR
34.8086613513374,31.6099867872568,466,466,18,שדה משה,299,31,מושבים (כפרים שיתופיים) (ב),SEDE MOSHE
34.913566635215,31.5334449448611,467,467,23,אמציה,128,32,מושבים שיתופיים,AMAZYA
34.8414581270788,31.5641403209608,468,468,24,לכיש,471,31,מושבים (כפרים שיתופיים) (ב),LAKHISH
35.5431852228611,32.969049172077,469,469,26,ראש פינה,2210,18,"2000-9999 תושבים,ישובים יהודים",ROSH PINNA
34.9206589202089,31.721046155221,470,470,27,שדות מיכה,293,31,מושבים (כפרים שיתופיים) (ב),SEDOT MIKHA
34.8425939777946,31.8512836779508,471,471,28,מזכרת בתיה,7300,18,"2000-9999 תושבים,ישובים יהודים",MAZKERET BATYA
35.6020494500731,33.0567076750151,472,472,29,יסוד המעלה,1160,35,ישובים כפריים יהודים אחרים,YESUD HAMA'ALA
34.621615510895,31.3109206059485,473,473,31,אופקים,23200,16,"20000-49999 תושבים,ישובים יהודים",OFAQIM
34.7043991033713,31.6369843961327,474,474,32,עוצם,554,31,מושבים (כפרים שיתופיים) (ב),OZEM
35.0034050657173,32.6003803690413,475,475,33,בת שלמה,365,31,מושבים (כפרים שיתופיים) (ב),BAT SHELOMO
35.6198310434571,33.0179290809031,476,476,35,גדות,384,33,קיבוצים,GADOT
34.6833699966153,31.575600241656,477,477,36,שדה דוד,413,31,מושבים (כפרים שיתופיים) (ב),SEDE DAWID
34.7480313603577,31.5724058969144,478,478,37,איתן,369,31,מושבים (כפרים שיתופיים) (ב),ETAN
34.8785344875929,31.7407957749769,479,479,39,גפן,323,31,מושבים (כפרים שיתופיים) (ב),GEFEN
34.9248202981535,32.407648019184,480,480,41,אליכין,2390,18,"2000-9999 תושבים,ישובים יהודים",ELYAKHIN
35.5750122111836,33.2806287803725,481,481,43,מטולה,1480,35,ישובים כפריים יהודים אחרים,METULA
34.6925284880517,31.5958829395265,482,482,44,זוהר,341,31,מושבים (כפרים שיתופיים) (ב),ZOHAR
35.5006145763883,32.7093858626029,483,483,46,יבנאל,2580,18,"2000-9999 תושבים,ישובים יהודים",YAVNE'EL
35.4211049294225,32.6882146170329,484,484,47,כפר תבור,2290,18,"2000-9999 תושבים,ישובים יהודים",KEFAR TAVOR
35.5551858064498,32.6665926035399,485,485,48,מנחמיה,1100,35,ישובים כפריים יהודים אחרים,MENAHEMYA
35.4065401029913,32.7545248693895,486,486,49,אילנייה,491,31,מושבים (כפרים שיתופיים) (ב),ILANIYYA
35.0052103995176,32.5194076303908,487,487,50,גבעת עדה,2540,18,"2000-9999 תושבים,ישובים יהודים",BINYAMINA-GIVAT ADA
34.8867412008268,31.6868100985205,488,488,52,לוזית,324,31,מושבים (כפרים שיתופיים) (ב),LUZIT
34.944733309606,32.6963368357299,489,489,53,עתלית,4440,18,"2000-9999 תושבים,ישובים יהודים",ATLIT
34.6938654897802,31.6237120025305,490,490,55,נוגה,333,31,מושבים (כפרים שיתופיים) (ב),NOGAH
35.5652145485138,32.713275057692,491,491,57,כנרת (קבוצה),612,33,קיבוצים,KINNERET(QEVUZA)
35.5091129194842,32.7902056513416,492,492,58,מצפה,157,35,ישובים כפריים יהודים אחרים,MIZPA
34.9632791748112,29.580424192053,493,493,1126,אילות,286,33,קיבוצים,ELOT
35.483698267231,32.4474597118314,494,494,1135,בכורה,0,0,ללא סוג, 
35.1041026317655,31.8118899456434,495,495,1144,ידידה,162,34,ישובים מוסדיים יהודים,YEDIDA
35.2495729689736,32.9455755877243,496,496,1153,כישור,0,0,ללא סוג,KISHOR
35.3299534595892,32.7826478927977,497,497,1162,בית רימון,229,33,קיבוצים,BET RIMMON
35.2987067095862,30.80369620625,498,498,1175,עידן,201,31,מושבים (כפרים שיתופיים) (ב),IDDAN
35.0643919743613,32.7168143393933,499,499,534, ,0,0, , 
35.3580442306532,33.0404756650932,500,500,1184,מתת,164,37,ישובים קהילתיים,MATTAT
34.9550996255546,31.6299073867917,501,501,59,נחושה,262,31,מושבים (כפרים שיתופיים) (ב),NEHUSHA
35.5747130848452,32.7077219177757,502,502,62,דגניה א',512,33,קיבוצים,DEGANYA ALEF
35.564099719855,32.7222009513285,503,503,63,כנרת (מושבה),497,35,ישובים כפריים יהודים אחרים,KINNERET(MOSHAVA)
35.5076459794958,32.8364197035404,504,504,65,מגדל,1390,35,ישובים כפריים יהודים אחרים,MIGDAL
35.3081840911224,32.6059887322834,505,505,66,מרחביה (קיבוץ),675,33,קיבוצים,MERHAVYA(QIBBUZ)
34.601782535665,31.5564399231478,506,506,67,אור הנר,394,33,קיבוצים,OR HANER
34.4019872621404,31.3123396071696,507,507,69,ניר עוז,369,33,קיבוצים,NIR OZ
34.6474810846448,31.7942589503104,508,508,70,אשדוד,187500,14,"100000-199999 תושבים,ישובים יהודים",ASHDOD
34.6671186434568,31.4460590817212,509,509,71,אשבול,270,31,מושבים (כפרים שיתופיים) (ב),ESHBOL
34.9516200789245,32.4488877670904,510,510,72,גן שמואל,827,33,קיבוצים,GAN SHEMU'EL
34.9826449453267,32.6999560502852,511,511,74,עין הוד,437,37,ישובים קהילתיים,EN HOD
35.5759410212681,33.2420451796741,512,512,76,כפר גלעדי,559,33,קיבוצים,KEFAR GIL'ADI
35.5787061580177,33.0225697014741,513,513,77,איילת השחר,1270,33,קיבוצים,AYYELET HASHAHAR
35.5755076930788,32.7000246037536,514,514,79,דגניה ב',493,33,קיבוצים,DEGANYA BET
35.1934491141534,32.6901735045225,515,515,80,נהלל,925,31,מושבים (כפרים שיתופיים) (ב),NAHALAL
35.3904345553464,32.5574728433318,516,516,82,עין חרוד (מאוחד),809,33,קיבוצים,EN HAROD(ME'UHAD)
35.3997614526944,32.555492119973,517,517,84,תל יוסף,400,33,קיבוצים,TEL YOSEF
35.3587997989915,32.5666582594872,518,518,85,כפר יחזקאל,610,31,מושבים (כפרים שיתופיים) (ב),KEFAR YEHEZQEL
35.3729836071763,32.5664069809015,519,519,86,גבע,542,33,קיבוצים,GEVA
34.9369891103942,31.9578041979648,520,520,88,כרם בן שמן,141,35,ישובים כפריים יהודים אחרים,KEREM BEN SHEMEN
35.3905092004821,32.5649434059759,521,521,89,עין חרוד (איחוד),559,33,קיבוצים,EN HAROD (IHUD)
35.25936262878,32.6637967806854,522,522,92,גיניגר,448,33,קיבוצים,GINNEGAR
35.2966196515124,32.6300163095126,523,523,94,בלפוריה,287,31,מושבים (כפרים שיתופיים) (ב),BALFURYA
35.4323083333256,32.517196388536,524,524,95,בית אלפא,589,33,קיבוצים,BET ALFA
35.0759152320947,32.7431550395012,525,525,96,יגור,1080,33,קיבוצים,YAGUR
35.3172103672947,32.6048833563272,526,526,97,מרחביה (מושב),630,31,מושבים (כפרים שיתופיים) (ב),MERHAVYA(MOSHAV)
34.894408420039,32.1674615165869,527,527,98,"כפר מל""ל",443,31,מושבים (כפרים שיתופיים) (ב),KEFAR MALAL
34.8020971073353,30.6156660732947,528,528,99,מצפה רמון,4820,18,"2000-9999 תושבים,ישובים יהודים",MIZPE RAMON
35.3025878517703,32.6581558437489,529,529,103,תל עדשים,477,31,מושבים (כפרים שיתופיים) (ב),TEL ADASHIM
35.2872590141682,32.6509460340494,530,530,104,מזרע,722,33,קיבוצים,MIZRA
35.2911700462898,32.6440801296581,531,531,106,כפר גדעון,198,31,מושבים (כפרים שיתופיים) (ב),KEFAR GID'ON
35.2726426354327,32.5492113171711,532,532,113,אדירים,239,31,מושבים (כפרים שיתופיים) (ב),ADDIRIM
34.8743687168218,32.3854543958904,533,533,115,חופית,756,35,ישובים כפריים יהודים אחרים,HOFIT
35.1656936494975,32.7034265887494,534,534,122,רמת ישי,5280,18,"2000-9999 תושבים,ישובים יהודים",RAMAT YISHAY
35.224381035268,32.6613269845035,535,535,126,שריד,611,33,קיבוצים,SARID
35.2203176179227,31.7398880381454,536,536,127,רמת רחל,308,33,קיבוצים,RAMAT RAHEL
34.8830119727521,32.0687547749448,537,537,128,גת רימון,200,35,ישובים כפריים יהודים אחרים,GAT RIMMON
35.1446796207566,32.6095180250762,538,538,130,משמר העמק,935,33,קיבוצים,MISHMAR HAEMEQ
35.1902298295973,32.6466607745819,539,539,132,כפר ברוך,261,31,מושבים (כפרים שיתופיים) (ב),KEFAR BARUKH
35.2127876116528,32.6747332404234,540,540,133,גבת,658,33,קיבוצים,GEVAT
35.2241223791126,32.6782030086757,541,541,134,יפעת,704,33,קיבוצים,YIF'AT
35.2024264700387,32.6784793596246,542,542,135,רמת דוד,238,33,קיבוצים,RAMAT DAWID
35.009339657346,32.4567314175908,543,543,139,עין שמר,758,33,קיבוצים,EN SHEMER
35.1528616720449,32.6813175789807,544,544,140,כפר יהושע,674,31,מושבים (כפרים שיתופיים) (ב),KEFAR YEHOSHUA
35.2648954171697,32.5428164528076,545,545,141,ברק,249,31,מושבים (כפרים שיתופיים) (ב),BARAQ
35.1405911454013,32.6976317272219,546,546,142,שדה יעקב,821,31,מושבים (כפרים שיתופיים) (ב),SEDE YA'AQOV
35.5732808414044,32.6891727147844,547,547,143,בית זרע,715,33,קיבוצים,BET ZERA
34.7982794044266,31.8782299849793,548,548,144,גן שלמה,413,33,קיבוצים,GAN SHELOMO
35.2453026133997,32.5588004539709,549,549,145,גדיש,280,31,מושבים (כפרים שיתופיים) (ב),GADISH
35.2634027178084,32.5531760643301,550,550,146,דבורה,216,31,מושבים (כפרים שיתופיים) (ב),DEVORA
34.8012159419704,31.8659121575787,551,551,147,גבעת ברנר,1180,33,קיבוצים,GIV'AT BRENNER
34.9151325879557,32.2524780722119,552,552,154,תל מונד,7260,18,"2000-9999 תושבים,ישובים יהודים",TEL MOND
34.7198761417611,31.7319255456706,553,553,155,באר טוביה,763,31,מושבים (כפרים שיתופיים) (ב),BE'ER TOVIYYA
34.7683391479435,31.9171445017949,554,554,156,עיינות,399,34,ישובים מוסדיים יהודים,AYANOT
34.9315494622261,32.2643420204664,555,555,157,עין ורד,965,31,מושבים (כפרים שיתופיים) (ב),EN WERED
34.85518344142,31.8834255645238,556,556,158,נען,1140,33,קיבוצים,NA'AN
34.7726837719821,31.9342947971899,557,557,159,בית חנן,534,31,מושבים (כפרים שיתופיים) (ב),BET HANAN
34.882551948767,31.8306542289563,558,558,160,חולדה,312,33,קיבוצים,HULDA
34.9162576895031,32.2397972354503,559,559,162,חירות,918,31,מושבים (כפרים שיתופיים) (ב),HERUT
34.7603339196253,31.7161627201751,560,560,163,תימורים,609,32,מושבים שיתופיים,TIMMORIM
35.2367462015645,32.5637821912034,561,561,164,מלאה,333,31,מושבים (כפרים שיתופיים) (ב),MELE'A
35.2465120999689,32.5701626459783,562,562,165,ניר יפה,316,31,מושבים (כפרים שיתופיים) (ב),NIR YAFE
34.7096981376121,31.7902028408446,563,563,166,גן יבנה,12200,17,"10000-19999 תושבים,ישובים יהודים",GAN YAVNE
34.9399862775343,32.3860699750353,564,564,167,עין החורש,715,33,קיבוצים,EN HAHORESH
34.9291162368181,32.3161965920554,565,565,168,כפר יונה,10900,17,"10000-19999 תושבים,ישובים יהודים",KEFAR YONA
34.9653939451068,32.2750113528617,566,566,170,כפר יעבץ,496,31,מושבים (כפרים שיתופיים) (ב),KEFAR YA'BEZ
34.9099800817544,32.3058484537981,567,567,171,פרדסייה,5920,18,"2000-9999 תושבים,ישובים יהודים",PARDESIYYA
34.9314616266011,32.391142072497,568,568,173,גבעת חיים (מאוחד),960,33,קיבוצים,GIV'AT HAYYIM(ME'UHAD)
34.7727701668468,31.9416257688218,569,569,174,נטעים,456,31,מושבים (כפרים שיתופיים) (ב),NETA'IM
34.8721894251528,32.3500606744565,570,570,175,אביחיל,1090,31,מושבים (כפרים שיתופיים) (ב),AVIHAYIL
35.5780858913865,32.6803746712415,571,571,176,אפיקים,1030,33,קיבוצים,AFIQIM
34.8260502606689,31.8729562686329,572,572,177,"כפר ביל""ו",978,31,מושבים (כפרים שיתופיים) (ב),KEFAR BILU
35.1223650831166,32.7926068167872,573,573,178,רמת יוחנן,701,33,קיבוצים,RAMAT YOHANAN
34.8408252246084,32.0591544266503,574,574,180,"כפר אז""ר",539,31,מושבים (כפרים שיתופיים) (ב),KEFAR AZAR
34.8837267597359,32.2681554507264,575,575,182,אבן יהודה,8480,18,"2000-9999 תושבים,ישובים יהודים",EVEN YEHUDA
34.9003923306742,32.1473677824098,576,576,183,ירקונה,272,31,מושבים (כפרים שיתופיים) (ב),YARQONA
34.938481837438,32.2178557021124,577,577,184,רמת הכובש,586,33,קיבוצים,RAMAT HAKOVESH
34.8616435339276,32.3721339215514,578,578,186,נעורים,564,34,ישובים מוסדיים יהודים,NE'URIM
34.9382605614768,32.2487606741771,579,579,187,כפר הס,971,31,מושבים (כפרים שיתופיים) (ב),KEFAR HESS
35.5820370093648,32.6654383451796,580,580,188,אשדות יעקב (מאוחד),336,33,קיבוצים,ASHDOT YA'AQOV(ME'UHAD)
35.002134851379,32.4844394503506,581,581,189,כפר פינס,972,31,מושבים (כפרים שיתופיים) (ב),KEFAR PINES
34.8834986538535,32.382542455994,582,582,190,כפר ויתקין,1480,31,מושבים (כפרים שיתופיים) (ב),KEFAR VITKIN
34.8998106348167,32.3495265294773,583,583,191,הדר עם,441,31,מושבים (כפרים שיתופיים) (ב),HADAR AM
35.2733659043254,32.7014856316068,584,584,192,כפר החורש,421,33,קיבוצים,KEFAR HAHORESH
34.8995224386479,32.3552752148815,585,585,193,כפר חיים,468,31,מושבים (כפרים שיתופיים) (ב),KEFAR HAYYIM
34.9198036869465,32.3551497691192,586,586,194,משמר השרון,447,33,קיבוצים,MISHMAR HASHARON
34.9110503170339,32.2794743079684,587,587,195,צורן-קדימה,9130,18,"2000-9999 תושבים,ישובים יהודים",ZORAN-QADIMA
34.7999441442791,31.8887284219986,588,588,196,גיבתון,290,35,ישובים כפריים יהודים אחרים,GIBBETON
34.9051487540213,32.3635735845104,589,589,197,מעברות,734,33,קיבוצים,MA'BAROT
34.9225253023794,32.1923814923798,590,590,198,צופית,720,31,מושבים (כפרים שיתופיים) (ב),ZOFIT
35.5797428575391,32.6596070626068,591,591,199,אשדות יעקב (איחוד),564,33,קיבוצים,ASHDOT YA'AQOV(IHUD)
34.8633449667302,32.37989648964,592,592,200,בית ינאי,370,31,מושבים (כפרים שיתופיים) (ב),BET YANNAY
34.7699205335148,31.9238110631908,593,593,202,בית עובד,304,31,מושבים (כפרים שיתופיים) (ב),BET OVED
34.9094099965647,32.3790250675002,594,594,204,אלישיב,436,31,מושבים (כפרים שיתופיים) (ב),ELYASHIV
34.9256763062052,32.3865424630509,595,595,205,חגלה,381,31,מושבים (כפרים שיתופיים) (ב),HOGLA
34.877482934162,32.1625063974889,596,596,206,רמות השבים,1110,35,ישובים כפריים יהודים אחרים,RAMOT HASHAVIM
34.9015269152095,31.9005442361631,597,597,64,"יד רמב""ם",812,31,מושבים (כפרים שיתופיים) (ב),YAD RAMBAM
35.1196777834943,31.8110403064813,598,598,78,קריית ענבים,314,33,קיבוצים,QIRYAT ANAVIM
35.4247426099312,32.5194389952897,599,599,90,חפצי-בה,400,33,קיבוצים,HEFZI-BAH
34.9700850000959,32.5911722032626,600,600,102,מאיר שפיה,412,34,ישובים מוסדיים יהודים,ME'IR SHEFEYA
34.8720949535893,32.1677080515159,601,601,207,"גבעת ח""ן",331,31,מושבים (כפרים שיתופיים) (ב),GIV'AT HEN
34.9837383224816,32.487214991344,602,602,213,משמרות,252,33,קיבוצים,MISHMAROT
34.911122537757,32.3900803604685,603,603,217,"כפר הרא""ה",1430,31,מושבים (כפרים שיתופיים) (ב),KEFAR HARO'E
34.9018011582094,32.1516602445248,604,604,218,גני עם,230,35,ישובים כפריים יהודים אחרים,GANNE AM
34.9150469906744,32.3971785127987,605,605,219,חיבת ציון,443,31,מושבים (כפרים שיתופיים) (ב),HIBBAT ZIYYON
35.086816460454,32.8206861138319,606,606,220,כפר ביאליק,768,35,ישובים כפריים יהודים אחרים,KEFAR BIALIK
35.0120306286079,32.4828289148207,607,607,223,עין עירון,384,31,מושבים (כפרים שיתופיים) (ב),EN IRON
34.8570147291453,32.3540698468486,608,608,224,שושנת העמקים,566,35,ישובים כפריים יהודים אחרים,SHOSHANNAT HAAMAQIM
35.0011407936826,32.4630049182359,609,609,225,גן השומרון,599,31,מושבים (כפרים שיתופיים) (ב),GAN HASHOMERON
34.874408224472,32.0612517098483,610,610,229,גני תקווה,11500,17,"10000-19999 תושבים,ישובים יהודים",GANNE TIQWA
34.8273274931892,32.2198488401718,611,611,232,שפיים,883,33,קיבוצים,SHEFAYIM
34.7302265429624,31.7956417051516,612,612,234,ביצרון,822,31,מושבים (כפרים שיתופיים) (ב),BIZZARON
34.9851489536356,29.7093192172028,613,613,21, ,0,0, , 
34.9700739527419,32.7185221654713,614,614,212, ,0,0, , 
34.8626209629788,32.3603971288218,615,615,235,חבצלת השרון,289,31,מושבים (כפרים שיתופיים) (ב),HAVAZZELET HASHARON
35.1129733660718,32.7227173180561,616,616,237,שער העמקים,569,33,קיבוצים,SHA'AR HAAMAQIM
34.9059061751527,32.1952242009835,617,617,239,גן חיים,607,31,מושבים (כפרים שיתופיים) (ב),GAN HAYYIM
35.0980718420206,32.6518274987587,618,618,240,יקנעם עילית,16700,17,"10000-19999 תושבים,ישובים יהודים",YOQNE'AM ILLIT
35.1149978329702,32.6570047678951,619,619,241,יקנעם (מושבה),1020,31,מושבים (כפרים שיתופיים) (ב),YOQNE'AM(MOSHAVA)
35.4385649884138,32.5498922210111,620,620,242,בית השיטה,900,33,קיבוצים,BET HASHITTA
34.5883221528104,31.4215145692611,621,621,246,נתיבות,21800,16,"20000-49999 תושבים,ישובים יהודים",NETIVOT
34.8244101426505,32.2004250530471,622,622,247,רשפון,794,31,מושבים (כפרים שיתופיים) (ב),RISHPON
35.1775517364173,32.6957640570082,623,623,248,בית שערים,476,31,מושבים (כפרים שיתופיים) (ב),BET SHE'ARIM
34.9249406877095,32.0765594171933,624,624,249,כפר סירקין,931,35,ישובים כפריים יהודים אחרים,KEFAR SIRKIN
35.1206079986408,32.643193986568,625,625,250,הזורע,915,33,קיבוצים,HAZOREA
34.8706625856925,32.3645169227353,626,626,252,ביתן אהרן,505,31,מושבים (כפרים שיתופיים) (ב),BITAN AHARON
35.6100718196572,33.0514754139253,627,627,253,חולתה,396,33,קיבוצים,HULATA
35.1271320506393,32.779251476002,628,628,254,כפר המכבי,291,33,קיבוצים,KEFAR HAMAKKABBI
35.5036908058779,32.8024884329019,629,629,255,כפר חיטים,330,32,מושבים שיתופיים,KEFAR HITTIM
35.4558902976759,32.5046252529312,630,630,256,ניר דוד (תל עמל),534,33,קיבוצים,NIR DAWID (TEL AMAL)
34.9206033047768,32.043399140475,631,631,257,נופך,335,37,ישובים קהילתיים,NOFEKH
35.4817408700934,32.5252904474236,632,632,259,שדה נחום,335,33,קיבוצים,SEDE NAHUM
35.5509727151418,32.8716174584572,633,633,262,גינוסר,483,33,קיבוצים,GINNOSAR
35.5984982606787,32.6829618028381,634,634,263,מסדה,288,33,קיבוצים,MASSADA
35.6037856185165,32.6871786029816,635,635,264,שער הגולן,503,33,קיבוצים,SHA'AR HAGOLAN
35.5507272692369,32.5592817179514,636,636,265,בית יוסף,345,31,מושבים (כפרים שיתופיים) (ב),BET YOSEF
34.824840594277,32.1859159566037,637,637,267,כפר שמריהו,1790,35,ישובים כפריים יהודים אחרים,KEFAR SHEMARYAHU
35.5285838815248,32.4216428718719,638,638,268,טירת צבי,666,33,קיבוצים,TIRAT ZEVI
35.4417299967615,32.5858271174244,639,639,269,מולדת,622,32,מושבים שיתופיים,MOLEDET
35.1004478560868,32.5956607859085,640,640,270,עין השופט,715,33,קיבוצים,EN HASHOFET
35.551154165254,32.493090412698,641,641,272,מעוז חיים,596,33,קיבוצים,MA'OZ HAYYIM
35.6409444124432,32.7778898076879,642,642,273,עין גב,521,33,קיבוצים,EN GEV
34.8341984828703,31.7323360156219,643,643,274,כפר מנחם,460,33,קיבוצים,KEFAR MENAHEM
34.9149458848461,32.297504406842,644,644,276,צור משה,1410,31,מושבים (כפרים שיתופיים) (ב),ZUR MOSHE
35.114092264205,32.7959136224662,645,645,278,אושה,354,33,קיבוצים,USHA
35.1740038985249,33.0878083696914,646,646,280,חניתה,465,33,קיבוצים,HANITA
35.3228501183434,32.9835423897371,647,647,281,פקיעין חדשה,290,31,מושבים (כפרים שיתופיים) (ב),PEQI'IN HADASHA
34.9032318839371,32.206844023286,648,648,284,שדה ורבורג,956,31,מושבים (כפרים שיתופיים) (ב),SEDE WARBURG
35.1471997270603,32.7164087125975,649,649,285,אלונים,547,33,קיבוצים,ALLONIM
35.1116783921925,31.817611767228,650,650,286,מעלה החמישה,347,33,קיבוצים,MA'ALE HAHAMISHA
34.8753804086333,32.2458215279446,651,651,287,תל יצחק,622,33,קיבוצים,TEL YIZHAQ
34.8639930165449,32.2602015745597,652,652,288,בית יהושע,652,31,מושבים (כפרים שיתופיים) (ב),BET YEHOSHUA
35.1033637086854,32.9063861302471,653,653,289,עין המפרץ,674,33,קיבוצים,EN HAMIFRAZ
34.9281967456841,32.5761573978494,654,654,290,מעיין צבי,491,33,קיבוצים,MA'YAN ZEVI
35.4666976675655,32.7266294233852,655,655,292,שרונה,441,31,מושבים (כפרים שיתופיים) (ב),SHARONA
34.6814621569258,31.6432370112415,656,656,293,שדה יואב,208,33,קיבוצים,SEDE YO'AV
35.5557888360898,32.4586454301834,657,657,295,כפר רופין,448,33,קיבוצים,KEFAR RUPPIN
35.5322384881447,32.4918605104732,658,658,296,נווה איתן,172,33,קיבוצים,NEWE ETAN
35.1000029678799,32.8866009615786,659,659,297,כפר מסריק,592,33,קיבוצים,KEFAR MASARYK
35.4744077824208,32.4952422539179,660,660,298,מסילות,423,33,קיבוצים,MESILLOT
35.0746442851613,32.5894131747549,661,661,300,דלייה,739,33,קיבוצים,DALIYYA
34.9029306186302,31.8711841407628,662,662,301,בית עוזיאל,461,31,מושבים (כפרים שיתופיים) (ב),BET UZZI'EL
35.6530690332418,33.2401379796827,663,663,303,דן,421,33,קיבוצים,DAN
35.5140911220957,32.4409776846243,664,664,304,שדה אליהו,656,33,קיבוצים,SEDE ELIYYAHU
35.5511349207223,32.6198849297677,665,665,305,גשר,494,33,קיבוצים,GESHER
35.4355229190805,32.6966442835408,666,666,306,שדמות דבורה,367,31,מושבים (כפרים שיתופיים) (ב),SHADMOT DEVORA
35.5021498652239,32.7464613382985,667,667,307,הזורעים,400,31,מושבים (כפרים שיתופיים) (ב),HAZORE'IM
35.5702846944292,32.9897991524289,668,668,308,מחניים,361,33,קיבוצים,MAHANAYIM
34.7051875232627,31.6228257444493,669,669,309,נהורה,1020,35,ישובים כפריים יהודים אחרים,NEHORA
34.9309042730057,32.6795162622958,670,670,312,נווה ים,188,33,קיבוצים,NEWE YAM
35.127809767251,32.8395937165841,671,671,313,אפק,432,33,קיבוצים,AFEQ
34.6829576574642,31.6616945540274,672,672,315,נגבה,407,33,קיבוצים,NEGBA
34.8718871332306,32.2758213063688,673,673,316,כפר נטר,510,31,מושבים (כפרים שיתופיים) (ב),KEFAR NETTER
35.0052180006301,32.7316407579841,674,674,317,בית אורן,299,33,קיבוצים,BET OREN
34.4134635950524,31.2485363282822,675,675,318,עמיעוז,221,31,מושבים (כפרים שיתופיים) (ב),AMMI'OZ
35.6211811199685,33.1775299735473,676,676,319,עמיר,579,33,קיבוצים,AMIR
34.725469335144,31.7193552512602,677,677,320,כפר ורבורג,745,31,מושבים (כפרים שיתופיים) (ב),KEFAR WARBURG
35.6465037626833,33.2261703474784,678,678,324,שאר ישוב,327,31,מושבים (כפרים שיתופיים) (ב),SHE'AR YASHUV
35.1575329605201,33.0625354893554,679,679,325,מצובה,507,33,קיבוצים,MAZZUVA
34.8908361119827,32.3339016548915,680,680,326,בית יצחק-שער חפר,1560,31,מושבים (כפרים שיתופיים) (ב),BET YIZHAQ-SH. HEFER
34.8925450906406,32.4906251448126,681,681,327,שדות ים,634,33,קיבוצים,SEDOT YAM
35.6235602746385,33.1869043088628,682,682,329,שדה נחמיה,383,33,קיבוצים,SEDE NEHEMYA
35.5453968840036,32.7072328989523,683,683,330,אלומות,247,33,קיבוצים,ALUMMOT
34.8630417143898,31.9527789082488,684,684,331,ניר צבי,945,31,מושבים (כפרים שיתופיים) (ב),NIR ZEVI
34.7197716945866,31.8148576368156,685,685,334,קבוצת יבנה,1030,33,קיבוצים,QEVUZAT YAVNE
35.0932131126187,32.6108450578184,686,686,335,רמת השופט,557,33,קיבוצים,RAMAT HASHOFET
34.6460483883807,31.5058905284427,687,687,336,דורות,500,33,קיבוצים,DOROT
34.795532379848,31.6277822889825,688,688,340,גת (קיבוץ),392,33,קיבוצים,GAT(QIBBUZ)
34.6129152708772,31.5918907496958,689,689,342,גברעם,311,33,קיבוצים,GEVAR'AM
35.5274959062865,32.5156013233673,690,690,343,חמדיה,347,33,קיבוצים,HAMADYA
35.0261701022439,32.458033314633,691,691,344,מענית,459,33,קיבוצים,MA'ANIT
35.6571596760127,33.1945816742121,692,692,345,כפר סאלד,455,33,קיבוצים,KEFAR SZOLD
35.1574684026191,31.7939161053594,693,693,208,מוצא עילית,796,35,ישובים כפריים יהודים אחרים,MOZA ILLIT
34.8994554455165,32.3453795550258,694,694,233,כפר ידידיה,489,31,מושבים (כפרים שיתופיים) (ב),KEFAR YEDIDYA
35.0830322963124,32.9801768978289,695,695,282,שבי ציון,619,32,מושבים שיתופיים,SHAVE ZIYYON
35.2181411416673,33.0634067557363,696,696,294,אילון,635,33,קיבוצים,ELON
35.6383027037153,33.2299349188957,697,697,302,דפנה,553,33,קיבוצים,DAFNA
35.0050270741046,32.5058715224834,698,698,310,כפר גליקסון,284,33,קיבוצים,KEFAR GLIKSON
35.6052257085794,33.2088659729107,699,699,322,בית הלל,550,31,מושבים (כפרים שיתופיים) (ב),BET HILLEL
35.4132857430126,32.5906880413974,700,700,339,רמת צבי,388,31,מושבים (כפרים שיתופיים) (ב),RAMAT ZEVI
35.5446313644625,33.1951999649362,701,701,347,מנרה,248,33,קיבוצים,MENARA
34.5856663435354,31.518278844234,702,702,348,ניר עם,301,33,קיבוצים,NIR AM
34.4658225349393,31.2104320111343,703,703,352,גבולות,251,33,קיבוצים,GEVULOT
35.1153900887033,32.7016272979776,704,704,353,בית זיד,208,35,ישובים כפריים יהודים אחרים,BET ZEID#
34.7213171629074,31.0430133319412,705,705,354,רביבים,644,33,קיבוצים,REVIVIM
34.9706103023955,32.1383448878137,706,706,355,חורשים,221,33,קיבוצים,HORESHIM
35.620386463496,33.2221781059399,707,707,356,הגושרים,526,33,קיבוצים,HAGOSHERIM
35.609874662298,33.1721930313272,708,708,357,כפר בלום,527,33,קיבוצים,KEFAR BLUM
34.5580126631982,31.5882871710773,709,709,358,יד מרדכי,699,33,קיבוצים,YAD MORDEKHAY
34.6355454164795,31.7153822354376,710,710,359,ניצנים,375,33,קיבוצים,NIZZANIM
35.040968816354,32.5476941332393,711,711,360,"גבעת ניל""י",384,31,מושבים (כפרים שיתופיים) (ב),GIV'AT NILI
34.7977849330202,31.7897349129934,712,712,363,חפץ חיים,382,33,קיבוצים,HAFEZ HAYYIM
34.9470567654573,31.7935927464467,713,713,364,כפר אוריה,416,31,מושבים (כפרים שיתופיים) (ב),KEFAR URIYYA
35.3966658658581,32.71586794619,714,714,365,בית קשת,297,33,קיבוצים,BET QESHET
35.660022882182,33.1645541949292,715,715,366,שמיר,546,33,קיבוצים,SHAMIR
35.4997026840745,32.9787650298509,716,716,368,בירייה,771,35,ישובים כפריים יהודים אחרים,BIRIYYA
35.0767901674687,32.556750947101,717,717,369,גלעד (אבן יצחק),393,33,קיבוצים,GAL'ED (EVEN YIZHAQ)
34.9161966706597,31.8757742730513,718,718,370,גזר,340,33,קיבוצים,GEZER
35.5527384988286,33.1006859127707,719,719,372,רמות נפתלי,414,31,מושבים (כפרים שיתופיים) (ב),RAMOT NAFTALI
34.931855328732,32.3536725196856,720,720,373,בית הלוי,502,31,מושבים (כפרים שיתופיים) (ב),BET HALEWI
35.4967482263183,32.8780445765788,721,721,374,חוקוק,265,33,קיבוצים,HUQOQ
35.0352251396884,32.3855536797851,722,722,375,מגל,490,33,קיבוצים,MAGGAL
34.9833284248064,32.3778897922465,723,723,377,המעפיל,465,33,קיבוצים,HAMA'PIL
35.5490589080109,33.2467781298562,724,724,378,משגב עם,236,33,קיבוצים,MISGAV AM
34.9446292716953,32.298924742663,725,725,379,גאולים,670,31,מושבים (כפרים שיתופיים) (ב),GE'ULIM
35.6459032620678,33.1413893790951,726,726,380,להבות הבשן,423,33,קיבוצים,LAHAVOT HABASHAN
35.5023750519067,32.469836801495,727,727,383,"עין הנצי""ב",537,33,קיבוצים,EN HANAZIV
35.5409823671333,32.9271028681625,728,728,385,עמיעד,429,33,קיבוצים,AMMI'AD
34.9004891686919,32.2610809742455,729,729,386,בני דרור,841,32,מושבים שיתופיים,BENE DEROR
34.9158762835329,32.3478877713615,730,730,387,כפר מונש,690,31,מושבים (כפרים שיתופיים) (ב),KEFAR MONASH
35.4490434870455,32.6667303095108,731,731,388,כפר קיש,295,31,מושבים (כפרים שיתופיים) (ב),KEFAR KISCH
34.8795285539444,32.2134450386002,732,732,389,בצרה,671,31,מושבים (כפרים שיתופיים) (ב),BAZRA
34.7759804084867,31.7014495452444,733,733,392,קדמה,95,34,ישובים מוסדיים יהודים,QEDMA
34.8478787639485,31.6333033603626,734,734,393,גלאון,287,33,קיבוצים,GAL'ON
34.7397197584271,31.4128093707006,735,735,394,שובל,505,33,קיבוצים,SHOVAL
34.7189551948942,31.3639166531686,736,736,395,משמר הנגב,592,33,קיבוצים,MISHMAR HANEGEV
34.7068050443686,31.2392065608708,737,737,397,חצרים,791,33,קיבוצים,HAZERIM
34.6036486405306,31.4043337373157,738,738,398,שרשרת,283,31,מושבים (כפרים שיתופיים) (ב),SHARSHERET
34.4914586907824,31.4242516630585,739,739,399,בארי,753,33,קיבוצים,BE'ERI
34.7630090211439,31.5757090097259,740,740,400,אבן שמואל,501,35,ישובים כפריים יהודים אחרים,EVEN SHEMU'EL
34.3575530119167,31.2371730523064,741,741,402,ניר יצחק,576,33,קיבוצים,NIR YIZHAQ
34.5237830127538,31.3045488948524,742,742,403,אורים,413,33,קיבוצים,URIM
35.0813114789491,31.8078567353952,743,743,405,נווה אילן,338,32,מושבים שיתופיים,NEWE ILAN
34.720435353603,31.7721414661648,744,744,406,חצור-אשדוד,560,33,קיבוצים,HAZOR-ASHDOD
35.3495214499062,32.6463342683507,745,745,407,דברת,278,33,קיבוצים,DAVERAT
35.2203916033903,32.9963171981012,746,746,409,יחיעם,362,33,קיבוצים,YEHI'AM
34.5348305860159,31.2035924488768,747,747,413,צאלים,444,33,קיבוצים,ZE'ELIM
34.6775978162452,31.4477052813605,748,748,414,קלחים,262,31,מושבים (כפרים שיתופיים) (ב),QELAHIM
34.5243591124231,31.4225943489669,749,749,415,שוקדה,183,31,מושבים (כפרים שיתופיים) (ב),SHOQEDA
35.6074523377626,33.2392855330644,750,750,416,מעיין ברוך,305,33,קיבוצים,MA'YAN BARUKH
34.8420234074142,32.2479446969811,751,751,417,יקום,523,33,קיבוצים,YAQUM
34.8708570055523,32.2202174575812,752,752,418,בני ציון,742,31,מושבים (כפרים שיתופיים) (ב),BENE ZIYYON
34.5353164623017,31.4704081407144,753,753,419,סעד,582,33,קיבוצים,SA'AD
34.9143717687832,32.4013426784984,754,754,422,חרב לאת,721,31,מושבים (כפרים שיתופיים) (ב),HEREV LE'ET
34.9238139974631,32.3623505054384,755,755,423,העוגן,542,33,קיבוצים,HAOGEN
34.5983280083987,31.5070716799497,756,756,424,גבים,372,33,קיבוצים,GEVIM
34.7606108335129,31.9451638506017,757,757,311, ,0,0, , 
35.0849884061862,32.6291652719765,758,758,367, ,0,0, , 
35.1027006352166,32.9934660713257,759,759,376, ,0,0, , 
35.0988083593693,32.9764981388387,760,760,390, ,0,0, , 
34.9207413309131,32.2280589228894,761,761,425,משמרת,482,31,מושבים (כפרים שיתופיים) (ב),MISHMERET
34.9585714332399,32.7664624685207,762,762,427,כפר גלים,285,34,ישובים מוסדיים יהודים,KEFAR GALLIM
34.6452481905642,31.557740076737,763,763,428,ברור חיל,462,33,קיבוצים,BEROR HAYIL
35.1719603164825,32.729923846133,764,764,429,אלוני אבא,283,32,מושבים שיתופיים,ALLONE ABBA
35.1918900221191,32.7342324336134,765,765,430,בית לחם הגלילית,570,31,מושבים (כפרים שיתופיים) (ב),BET LEHEM HAGELILIT
35.4871170862823,33.0167941855292,766,766,431,דלתון,688,31,מושבים (כפרים שיתופיים) (ב),DALTON
35.0955457532909,32.9506321470426,767,767,432,שמרת,358,33,קיבוצים,SHAMERAT
34.9206735076658,32.6135305913809,768,768,433,נחשולים,399,33,קיבוצים,NAHSHOLIM
34.9571077936874,32.7517609510072,769,769,434,החותרים,495,33,קיבוצים,HAHOTERIM
35.3773421290894,32.6408861481859,770,770,436,עין דור,783,33,קיבוצים,EN DOR
35.4767785926352,32.4810653105515,771,771,437,רשפים,357,33,קיבוצים,RESHAFIM
35.4811856461116,32.4718319564111,772,772,439,שלוחות,414,33,קיבוצים,SHELUHOT
34.8549629450276,31.8155197609236,773,773,440,יסודות,362,32,מושבים שיתופיים,YESODOT
35.3588203636087,32.5490229134913,774,774,442,גדעונה,161,35,ישובים כפריים יהודים אחרים,GID'ONA
35.6034053754669,32.9744126634863,775,775,443,כפר הנשיא,489,33,קיבוצים,KEFAR HANASI
35.0326983131049,32.5237167747251,776,776,444,רגבים,256,33,קיבוצים,REGAVIM
34.848300919847,32.2659554146433,777,777,446,אודים,661,31,מושבים (כפרים שיתופיים) (ב),UDIM
34.8972131067924,32.3128161548454,778,778,447,נורדייה,2020,18,"2000-9999 תושבים,ישובים יהודים",NORDIYYA
34.9137448127603,32.0241341155092,779,779,448,בני עטרות,548,31,מושבים (כפרים שיתופיים) (ב),BENE ATAROT
34.9118990113877,32.0582380222144,780,780,449,נחלים,1920,31,מושבים (כפרים שיתופיים) (ב),NEHALIM
34.9102338895577,32.041360435708,781,781,450,בארות יצחק,417,33,קיבוצים,BE'EROT YIZHAQ
35.3216477033347,32.5612966090805,782,782,452,יזרעאל,464,33,קיבוצים,YIZRE'EL
35.5513884321568,33.1270831380906,783,783,453,יפתח,492,33,קיבוצים,YIFTAH
35.1095985736071,33.02882156864,784,784,454,סער,367,33,קיבוצים,SA'AR
35.0658803160391,31.7964549195798,785,785,456,שורש,374,32,מושבים שיתופיים,SHORESH
35.4470913574433,32.6376280475035,786,786,457,גזית,581,33,קיבוצים,GAZIT
35.0731639232652,31.7739262816206,787,787,460,רמת רזיאל,382,31,מושבים (כפרים שיתופיים) (ב),RAMAT RAZI'EL
34.9034994611792,31.8057609237066,788,788,462,טל שחר,729,31,מושבים (כפרים שיתופיים) (ב),TAL SHAHAR
35.2031856565896,33.0069759929393,789,789,463,געתון,422,33,קיבוצים,GA'TON
34.9517473315486,31.8097210270934,790,790,464,הראל,145,33,קיבוצים,HAR'EL
34.6296536745957,31.7401904054855,791,791,351,ניצן,454,35,ישובים כפריים יהודים אחרים,NIZZAN
34.7050152248365,31.4969223275224,792,792,362,רוחמה,384,33,קיבוצים,RUHAMA
35.4072744432932,32.702577976374,793,793,371,כדורי,203,34,ישובים מוסדיים יהודים,KADOORIE
34.8719315962654,32.4055801483006,794,794,382,מכמורת,1050,31,מושבים (כפרים שיתופיים) (ב),MIKHMORET
34.8825492638709,31.2234411183385,795,795,396,נבטים,753,31,מושבים (כפרים שיתופיים) (ב),NEVATIM
35.5972466824921,33.1599246830222,796,796,408,נאות מרדכי,489,33,קיבוצים,NE'OT MORDEKHAY
34.7860293667634,31.0049170720062,797,797,421,משאבי שדה,462,33,קיבוצים,MASH'ABBE SADE
34.9557826454148,32.6770680600378,798,798,426,עין כרמל,417,33,קיבוצים,EN KARMEL
34.824653105198,31.9230524189409,799,799,435,נצר סרני,499,33,קיבוצים,NEZER SERENI
35.0561025624981,32.5968349178905,800,800,445,רמות מנשה,447,33,קיבוצים,RAMOT MENASHE
34.8300186277671,31.9998042837246,801,801,466,בית דגן,4830,18,"2000-9999 תושבים,ישובים יהודים",BET DAGAN
34.8217260421028,31.8616609996963,802,802,469,קריית עקרון,9600,18,"2000-9999 תושבים,ישובים יהודים",QIRYAT EQRON
35.1101732080424,31.8059875474468,803,803,472,אבו גוש,5170,28,"2000-9999 תושבים,ישובים לא יהודים",ABU GHOSH
35.1688825664372,32.9609034589366,804,804,473,אבו סנאן,10800,27,"10000-19999 תושבים,ישובים לא יהודים",ABU SINAN
35.3442450029349,32.6212106227318,805,805,475,דחי,498,45,ישובים כפריים אחרים לא יהודים,DAHI
35.3247867972982,32.6819846076728,806,806,478,אכסאל,10300,27,"10000-19999 תושבים,ישובים לא יהודים",IKSAL
35.3775963930429,32.9650525315362,807,807,480,בית ג'ן,9430,28,"2000-9999 תושבים,ישובים לא יהודים",BEIT JANN
35.404286711282,32.8879682172206,808,808,481,מגאר,17900,27,"10000-19999 תושבים,ישובים לא יהודים",MUGHAR
35.3693131822592,32.8082980666852,809,809,482,בועיינה-נוג'ידאת,7090,28,"2000-9999 תושבים,ישובים לא יהודים",BU'EINE-NUJEIDAT
35.2748176208187,32.9288508740297,810,810,483,בענה,6720,28,"2000-9999 תושבים,ישובים לא יהודים",BI'NE
35.180769663221,32.9413093427507,811,811,485,ג'ולס,5010,28,"2000-9999 תושבים,ישובים לא יהודים",JULIS
34.736532899412,31.8792010954555,812,812,2660,יבנה,31700,16,"20000-49999 תושבים,ישובים יהודים",YAVNE
35.1507488171196,32.5221042907081,813,813,2710,אום אל-פחם,38000,26,"20000-49999 תושבים,ישובים לא יהודים",UMM AL-FAHM
34.956412353154,32.2332801750201,814,814,2720,טירה,19300,27,"10000-19999 תושבים,ישובים לא יהודים",TIRE
35.0103056942728,32.2663687686993,815,815,2730,טייבה,30400,26,"20000-49999 תושבים,ישובים לא יהודים",TAYIBE
35.5760003729578,33.2111850687319,816,816,2800,קריית שמונה,21600,16,"20000-49999 תושבים,ישובים יהודים",QIRYAT SHEMONA
35.1154518367526,31.6494564764438,817,817,3488,כפר עציון,408,33,קיבוצים,KEFAR EZYON
35.445541157435,31.9882641013476,818,818,3555,נתיב הגדוד,132,31,מושבים (כפרים שיתופיים) (ב),NETIV HAGEDUD
35.4617354973894,31.7876896557957,819,819,3556,אלמוג,155,33,קיבוצים,ALMOG
35.1607864152912,32.2176547692447,820,820,3557,קדומים,2800,18,"2000-9999 תושבים,ישובים יהודים",QEDUMIM
35.4419760942211,32.0168604073973,821,821,3558,תומר,303,31,מושבים (כפרים שיתופיים) (ב),TOMER
35.0351498943611,32.1121895627598,822,822,3560,אלקנה,3030,18,"2000-9999 תושבים,ישובים יהודים",ELQANA
35.1434926279978,31.6392652826113,823,823,3561,מגדל עוז,268,33,קיבוצים,MIGDAL OZ
35.3489969855895,31.9588427968822,824,824,3564,כוכב השחר,1300,37,ישובים קהילתיים,KOKHAV HASHAHAR
35.3407230254133,31.9339378582158,825,825,3565,רימונים,509,37,ישובים קהילתיים,RIMMONIM
35.4729708091961,32.0622367552441,826,826,3566,יפית,102,31,מושבים (כפרים שיתופיים) (ב),YAFIT
35.0500180668197,32.2426600779713,827,827,3567,סלעית,439,31,מושבים (כפרים שיתופיים) (ב),SAL'IT
35.137841532336,32.4687364873587,828,828,3568,ריחן,131,32,מושבים שיתופיים,REHAN
35.1754753772012,32.4201878378145,829,829,3569,מבוא דותן,279,37,ישובים קהילתיים,MEVO DOTAN
35.1918036064754,32.1046683767868,830,830,3570,אריאל,16300,17,"10000-19999 תושבים,ישובים יהודים",ARI'EL
35.1854658267416,32.2634193209519,831,831,3571,שבי שומרון,563,37,ישובים קהילתיים,SHAVE SHOMERON
35.1255576199704,32.0059588210909,832,832,3573,חלמיש,895,37,ישובים קהילתיים,HALLAMISH
35.2246294915031,31.9412216772716,833,833,3574,בית אל,4410,18,"2000-9999 תושבים,ישובים יהודים",BET EL
35.1285213507898,31.8767773828285,834,834,3575,בית חורון,826,37,ישובים קהילתיים,BET HORON
35.3940281902534,31.8156914263531,835,835,3576,מצפה יריחו,1370,37,ישובים קהילתיים,MIZPE YERIHO
35.5347543600197,32.345986155821,836,836,3578,שדמות מחולה,487,32,מושבים שיתופיים,SHADMOT MEHOLA
35.3330191184913,32.2326292607707,837,837,3579,אלון מורה,1060,37,ישובים קהילתיים,ELON MORE
35.5218839879955,32.1725916094397,838,838,3598,ארגמן,167,31,מושבים (כפרים שיתופיים) (ב),ARGAMAN
35.5165900173996,32.3687095923074,839,839,3599,מחולה,311,31,מושבים (כפרים שיתופיים) (ב),MEHOLA
35.124058063517,31.6674223665493,840,840,3602,ראש צורים,247,33,קיבוצים,ROSH ZURIM
35.1685469232155,31.7232250482057,841,841,3603,הר גילה,357,37,ישובים קהילתיים,HAR GILLO
35.1246303214891,31.655550755573,842,842,3604,אלון שבות,3030,18,"2000-9999 תושבים,ישובים יהודים",ALLON SHEVUT
35.4920549890266,32.1135042598315,843,843,3605,משואה,142,31,מושבים (כפרים שיתופיים) (ב),MASSU'A
35.4475488497242,31.9997135180563,844,844,3606,גלגל,161,33,קיבוצים,GILGAL
35.4228931769277,31.9485646764332,845,845,3607,"ייט""ב",139,32,מושבים שיתופיים,YITAV
35.4050291984005,32.0699249223567,846,846,3608,מעלה אפרים,1430,35,ישובים כפריים יהודים אחרים,MA'ALE EFRAYIM
35.4019762183429,31.566984941054,847,847,3610,מצפה שלם,191,33,קיבוצים,MIZPE SHALEM
35.1210411840919,31.5379582905007,848,848,3611,קריית ארבע,6580,18,"2000-9999 תושבים,ישובים יהודים",QIRYAT ARBA
35.4551317019354,32.2424616883862,849,849,3612,בקעות,147,31,מושבים (כפרים שיתופיים) (ב),BEQA'OT
35.3962690457281,32.1035697570775,850,850,3613,גיתית,95,31,מושבים (כפרים שיתופיים) (ב),GITTIT
35.4235329252248,32.161702663606,851,851,3614,מכורה,119,31,מושבים (כפרים שיתופיים) (ב),MEKHORA
35.4436103460349,32.0447391527838,852,852,3615,פצאל,216,31,מושבים (כפרים שיתופיים) (ב),PEZA'EL
35.3135308325949,31.784153326806,853,853,3616,מעלה אדומים,26500,16,"20000-49999 תושבים,ישובים יהודים",MA'ALE ADUMMIM
35.2617256061772,31.9530229866808,854,854,3617,עפרה,2060,18,"2000-9999 תושבים,ישובים יהודים",OFRA
35.14115378791,31.6614927256079,855,855,3618,אלעזר,796,37,ישובים קהילתיים,EL'AZAR
35.4837765466884,32.2482504391204,856,856,3619,רועי,122,31,מושבים (כפרים שיתופיים) (ב),RO'I
35.458543921558,31.9684274228709,857,857,3620,נירן,56,33,קיבוצים,NIRAN
35.0704603808554,32.1661288988337,858,858,3637,מעלה שומרון,527,37,ישובים קהילתיים,MA'ALE SHOMERON
35.3401751885498,31.8210471068954,859,859,3638,כפר אדומים,1790,37,ישובים קהילתיים,KEFAR ADUMMIM
35.4316343740996,31.8269134544887,860,860,3639,ורד יריחו,157,31,מושבים (כפרים שיתופיים) (ב),WERED YERIHO
35.0957060395961,32.172087653845,861,861,3640,קרני שומרון,6100,18,"2000-9999 תושבים,ישובים יהודים",QARNE SHOMERON
35.2974903286376,32.0534658177211,862,862,3641,שילה,1710,37,ישובים קהילתיים,SHILO
35.1937508815737,32.309947243762,863,863,3642,חמש,153,37,ישובים קהילתיים,HOMESH
35.1661494654959,32.4813337276782,864,864,3643,חיננית,639,37,ישובים קהילתיים,HINNANIT
35.1595614991019,31.8471420140123,865,865,3644,גבעון החדשה,1220,37,ישובים קהילתיים,GIV'ON HAHADASHA
35.4810904698189,31.808003672781,866,866,3645,בית הערבה,52,33,קיבוצים,BET HAARAVA
35.5265807462108,32.2511906894964,867,867,3646,חמדת,92,37,ישובים קהילתיים,HEMDAT
35.1147150212105,32.1494813155293,868,868,3647,יקיר,862,37,ישובים קהילתיים,YAQIR
35.0317289773119,31.9290276048079,869,869,3648,מתתיהו,1380,32,מושבים שיתופיים,MATTITYAHU
35.172647418162,32.4740270702689,870,870,3649,שקד,539,37,ישובים קהילתיים,SHAQED
35.1560980797444,31.661172127047,871,871,3650,אפרתה,6810,18,"2000-9999 תושבים,ישובים יהודים",EFRATA
35.3067436792712,31.8796839918963,872,872,3651,מעלה מכמש,945,37,ישובים קהילתיים,MA'ALE MIKHMAS
35.0514543730593,32.0362764484732,873,873,3652,בית אריה,2480,18,"2000-9999 תושבים,ישובים יהודים",BET ARYE
35.2298719432964,31.5964019836801,874,874,3653,מעלה עמוס,258,37,ישובים קהילתיים,MA'ALE AMOS
35.1130979903866,32.1068919605963,875,875,3654,ברקן,1200,37,ישובים קהילתיים,BARQAN
35.1852880604686,31.4323504815007,876,876,3656,כרמל,301,32,מושבים שיתופיים,KARMEL
35.1648024188928,31.4135760796574,877,877,3657,מעון,320,32,מושבים שיתופיים,MA'ON
35.1764543553082,32.0003454869292,878,878,3658,עטרת,320,37,ישובים קהילתיים,ATERET
35.2247767693017,31.8988052454075,879,879,3659,פסגות,1180,37,ישובים קהילתיים,PESAGOT
35.1395063257243,32.1617804298876,880,880,3660,עמנואל,2350,18,"2000-9999 תושבים,ישובים יהודים",IMMANU'EL
35.0375917947966,31.8477186555066,881,881,3709,מבוא חורון,599,32,מושבים שיתופיים,MEVO HORON
35.2653107975419,32.192862251467,882,882,3710,ברכה,817,37,ישובים קהילתיים,BERAKHA
35.2018221689535,32.3370364057245,883,883,3711,שא-נור,43,37,ישובים קהילתיים,SA-NUR
35.1273501493615,32.286043542244,884,884,3712,ענב,492,37,ישובים קהילתיים,ENAV
35.4664317828179,31.9099865454987,885,885,3713,נעמי,129,31,מושבים (כפרים שיתופיים) (ב),NO'OMI
35.2939728907614,31.8288614633328,886,886,3715,עלמון,721,37,ישובים קהילתיים,ALMON
35.1187324052976,32.423628463804,887,887,3717,חרמש,246,37,ישובים קהילתיים,HERMESH
35.4788956730605,31.9103988557657,888,888,3718,נחל אלישע,0,0,ללא סוג,NAHAL ELISHA
35.0311653566191,31.5642741122839,889,889,3719,תלם,76,32,מושבים שיתופיים,TELEM
35.0264949792554,32.1228195612786,890,890,3720,שערי תקווה,3650,18,"2000-9999 תושבים,ישובים יהודים",SHA'ARE TIQWA
34.9922224326856,31.5219338062763,891,891,3721,נחל דורן,0,-99,נקודה שאיננה יישוב,NAHAL DORAN
34.9049700545761,31.391044308248,892,892,3722,אשכולות,220,37,ישובים קהילתיים,ESHKOLOT
35.1654484443815,31.4858232074356,893,893,3723,פני חבר,355,37,ישובים קהילתיים,PENE HEVER
35.1197238533964,31.7842262313406,894,894,465,צובה,616,33,קיבוצים,ZOVA
34.9764306270667,31.7235266769233,895,895,479,"בית ג,מאל",20,44,ישובים מוסדיים לא יהודים,BEIT JIMAL
35.2095537973513,31.7797373515185,896,896,3000,ירושלים,680500,11,ירושלים,JERUSALEM
35.2292025298402,31.6525179215794,897,897,3563,תקוע,1040,37,ישובים קהילתיים,TEQOA
35.2498439816059,32.1195192431569,898,898,3572,כפר תפוח,446,37,ישובים קהילתיים,KEFAR TAPPUAH
35.4671301037362,31.7507076712307,899,899,3601,קליה,257,33,קיבוצים,QALYA
35.4353817540106,32.1988714726417,900,900,3609,חמרה,136,31,מושבים (כפרים שיתופיים) (ב),HAMRA
34.9829748057141,31.4934128380724,901,901,3724,נגוהות,85,0,ללא סוג,NEGOHOT
35.1429729666585,31.6784067721609,902,902,3725,נווה דניאל,1020,37,ישובים קהילתיים,NEWE DANIYYEL
35.0658497786051,32.0713043897987,903,903,3727,עלי זהב,414,37,ישובים קהילתיים,ALE ZAHAV
35.2736544968299,32.4746468631914,904,904,3728,נחל גנת,0,-99,נקודה שאיננה יישוב,NAHAL GINNAT
35.3189713542245,32.4499175982969,905,905,3729,כדים,125,37,ישובים קהילתיים,KADDIM
35.1656659370215,31.858493765054,906,906,3730,גבעת זאב,10600,17,"10000-19999 תושבים,ישובים יהודים",GIV'AT ZE'EV
34.9574895484221,31.3755456316807,907,907,3743,טנא,525,37,ישובים קהילתיים,TENE
35.1126396433388,31.3640484349344,908,908,3745,מצדות יהודה,420,32,מושבים שיתופיים,MEZADOT YEHUDA
35.1122625660482,32.1168819320544,909,909,3746,קריית נטפים,344,37,ישובים קהילתיים,QIRYAT NETAFIM
35.1331932397876,31.9263765038556,910,910,3747,דולב,909,37,ישובים קהילתיים,DOLEV
35.2349935622397,32.1694185403686,911,911,3749,יצהר,398,37,ישובים קהילתיים,YIZHAR
35.0142997663591,32.171446587352,912,912,3750,אלפי מנשה,5250,18,"2000-9999 תושבים,ישובים יהודים",ALFE MENASHE
35.3422169470264,32.0901500749749,913,913,3751,מגדלים,143,37,ישובים קהילתיים,MIGDALIM
35.2403671071889,32.0547802342172,914,914,3752,מעלה לבונה,462,37,ישובים קהילתיים,MA'ALE LEVONA
35.1916674907193,31.586884094218,915,915,3754,אספר,218,37,ישובים קהילתיים,ASFAR
35.1142734590137,31.3917867747292,916,916,3756,סוסיה,585,37,ישובים קהילתיים,SUSEYA
35.3371925287929,32.449680150601,917,917,3758,גנים,147,37,ישובים קהילתיים,GANNIM
35.0178890723704,31.5523415539974,918,918,3759,אדורה,205,37,ישובים קהילתיים,ADORA
35.3075938147067,32.1741861500226,919,919,3762,איתמר,534,37,ישובים קהילתיים,ITAMAR
35.2757472550842,31.8498314104474,920,920,3763,גבע בנימין,1570,37,ישובים קהילתיים,GEVA BINYAMIN
35.0801497591078,31.4929077738911,921,921,3764,חגי,374,37,ישובים קהילתיים,HAGGAY
35.2725755687025,32.0745910980758,922,922,3765,עלי,1960,37,ישובים קהילתיים,ELI
35.1001259524489,31.6086927013804,923,923,3766,כרמי צור,579,37,ישובים קהילתיים,KARME ZUR
35.1402022661801,31.9739638444131,924,924,3767,נחליאל,231,37,ישובים קהילתיים,NAHALI'EL
35.0519774997221,32.0617944722459,925,925,3768,פדואל,1010,37,ישובים קהילתיים,PEDU'EL
35.1294735771613,31.8267821469408,926,926,3769,הר אדר,1730,35,ישובים כפריים יהודים אחרים,HAR ADAR
35.023793046998,31.9312870460965,927,927,3770,חשמונאים,1950,35,ישובים כפריים יהודים אחרים,HASHMONA'IM
35.2435592628371,31.8807419229425,928,928,3779,כוכב יעקב,3250,18,"2000-9999 תושבים,ישובים יהודים",KOKHAV YA'AQOV
35.1131567864253,31.6983241284532,929,929,3780,ביתר עילית,20200,16,"20000-49999 תושבים,ישובים יהודים",BETAR ILLIT
35.3100501229743,31.753215598294,930,930,3781,קדר,585,37,ישובים קהילתיים,QEDAR
35.5190038015078,32.3363929319898,931,931,3782,רותם,0,0,ללא סוג,ROTEM
35.1012277149202,31.6792881649356,932,932,3783,"נח""ל גבעות",0,0,ללא סוג,"NAHAL GEVA""OT"
35.0125477323657,31.3876157264699,933,933,3784,שמעה,340,37,ישובים קהילתיים,SHIM'A
35.5025491775087,32.3172604879562,934,934,3785,משכיות,0,0,ללא סוג,MASKIYYOT
35.4359261901024,31.6791298377203,935,935,3786,אבנת,0,0,ללא סוג,AVENAT
35.064275260857,31.962902056585,936,936,3787,נעלה,492,35,ישובים כפריים יהודים אחרים,NA'ALE
35.1365363294072,31.9376600136578,937,937,3788,טלמון,1510,37,ישובים קהילתיים,TALMON
35.1022239881352,32.1547256585637,938,938,3790,נופים,398,35,ישובים כפריים יהודים אחרים,NOFIM
35.0090897333034,32.1980719969495,939,939,3791,צופים,997,35,ישובים כפריים יהודים אחרים,ZUFIM
35.0447572164859,32.0185922097489,940,940,3792,עפרים,810,35,ישובים כפריים יהודים אחרים,OFARIM
35.0721210176077,32.2861483318108,941,941,3793,אבני חפץ,891,37,ישובים קהילתיים,AVNE HEFEZ
35.1002507428568,31.6587285386994,942,942,3794,בת עין,685,37,ישובים קהילתיים,BAT AYIN
35.1283272133932,32.118690156817,943,943,3795,רבבה,633,37,ישובים קהילתיים,REVAVA
35.0380859182,31.9189745001842,944,944,3796,כפר האורנים,1240,35,ישובים כפריים יהודים אחרים,KEFAR HAORANIM
35.040973830062,31.9317166488715,945,945,3797,מודיעין עילית,27386,0,ללא סוג,MODI'IN ILLIT
35.0006092323101,32.8017710428658,946,946,4000,חיפה,270800,13,חיפה,HAIFA
35.7806971320124,33.2003413282344,947,947,4001,בוקעאתא,5110,28,"2000-9999 תושבים,ישובים לא יהודים",BUQ'ATA
35.7260579645221,32.8016083410442,948,948,4002,אלי-עד,235,31,מושבים (כפרים שיתופיים) (ב),ELI-AD
35.7715690241185,33.1789154814377,949,949,4003,אל -רום,285,33,קיבוצים,EL-ROM
35.6634988497111,32.7614078209951,950,950,4004,כפר חרוב,230,33,קיבוצים,KEFAR HARUV
35.7936022145077,32.8452796887541,951,951,4005,חספין,1230,35,ישובים כפריים יהודים אחרים,HASPIN
35.810035006734,32.9775837749938,952,952,4006,קשת,483,32,מושבים שיתופיים,QESHET
35.7937972555538,32.9365731729008,953,953,4007,יונתן,301,32,מושבים שיתופיים,YONATAN
35.6829436837783,32.8827787462162,954,954,4008,מעלה גמלא,279,31,מושבים (כפרים שיתופיים) (ב),MA'ALE GAMLA
35.7187724290483,33.11488659177,955,955,4009,שעל,221,31,מושבים (כפרים שיתופיים) (ב),SHA'AL
35.7499864440501,33.1932083927853,956,956,4010,אודם,94,32,מושבים שיתופיים,ODEM
35.7651825825161,32.8234782501818,957,957,4011,אבני איתן,337,31,מושבים (כפרים שיתופיים) (ב),AVNE ETAN
35.7406029092391,32.9576226104042,958,958,4012,אניעם,336,31,מושבים (כפרים שיתופיים) (ב),ANI'AM
35.7616628827372,33.084667906098,959,959,4013,אורטל,255,33,קיבוצים,ORTAL
35.7534737178332,32.8530058627115,960,960,4014,נטור,48,33,קיבוצים,NATUR
35.6856126043891,32.7940689655838,961,961,4015,בני יהודה,939,37,ישובים קהילתיים,BENE YEHUDA
35.8405329910108,33.0438640133956,962,962,4017,אלוני הבשן,234,32,מושבים שיתופיים,ALLONE HABASHAN
35.7357790292538,32.7660798454693,963,963,4019,מיצר,51,33,קיבוצים,MEZAR
35.6815802324952,32.7987533935232,964,964,4021,גבעת יואב,362,31,מושבים (כפרים שיתופיים) (ב),GIV'AT YO'AV
35.7086093805973,32.8120081976049,965,965,4022,גשור,142,33,קיבוצים,GESHUR
35.7514229429998,33.2453986858184,966,966,4023,נחל נמרוד,0,0,ללא סוג,NAHAL NIMROD
35.6984242590694,33.1473537713132,967,967,4024,קלע,60,37,ישובים קהילתיים,QELA
35.6993028114926,33.0278186053297,968,968,4025,קדמת צבי,310,31,מושבים (כפרים שיתופיים) (ב),QIDMAT ZEVI
35.6393518612002,32.9312508505454,969,969,4026,חד-נס,401,37,ישובים קהילתיים,HAD-NES
35.7021026549478,32.8707875764155,970,970,4028,כנף,261,31,מושבים (כפרים שיתופיים) (ב),KANAF
35.6906617343756,32.9908231396224,971,971,4100,קצרין,6280,18,"2000-9999 תושבים,ישובים יהודים",QAZRIN
35.7800583426379,33.1320993239452,972,972,4101,מרום גולן,367,33,קיבוצים,MEROM GOLAN
35.7687455093058,33.2663894919121,973,973,4201,מג'דל שמס,8240,28,"2000-9999 תושבים,ישובים לא יהודים",MAJDAL SHAMS
35.755753722384,33.2316850296798,974,974,4203,מסעדה,3020,28,"2000-9999 תושבים,ישובים לא יהודים",MAS'ADE
35.6551556835132,32.7358968294389,975,975,4204,מבוא חמה,338,33,קיבוצים,MEVO HAMMA
35.7040188041353,32.7779099204115,976,976,4301,אפיק,219,33,קיבוצים,AFIQ
35.7419395794066,33.2619811073631,977,977,4303,"נווה אטי""ב",157,31,מושבים (כפרים שיתופיים) (ב),NEWE ATIV
35.7832475325935,32.8324402837954,978,978,4304,נוב,437,31,מושבים (כפרים שיתופיים) (ב),NOV
35.7313431555259,33.2364269094911,979,979,4502,עין קנייא,1730,45,ישובים כפריים אחרים לא יהודים,EIN QINIYYE
35.7950221876258,33.0954866693974,980,980,4503,עין זיוון,201,33,קיבוצים,EN ZIWAN
35.6907324912361,32.7856527354423,981,981,4551,נאות גולן,255,31,מושבים (כפרים שיתופיים) (ב),NE'OT GOLAN
35.8096091362504,32.8465560725941,982,982,4701,רמת מגשימים,444,32,מושבים שיתופיים,RAMAT MAGSHIMIM
35.6607533505223,32.8519405029738,983,983,4702,רמות,467,31,מושבים (כפרים שיתופיים) (ב),RAMOT
34.7773256565267,32.079111742506,984,984,5000,תל אביב -יפו,360500,12,תל אביב - יפו,TEL AVIV - YAFO
34.5313658842301,31.5616632537535,985,985,5426,ניסנית,1000,35,ישובים כפריים יהודים אחרים,NISANIT
34.5035403512242,31.5834371816514,986,986,5428,אלי סיני,347,37,ישובים קהילתיים,ELE SINAY
34.4896210475072,31.5729183134163,987,987,5435,דוגית,65,37,ישובים קהילתיים,DUGIT
35.0382458430941,32.4159778312707,988,988,6000,באקה-ג'ת,19800,27,"10000-19999 תושבים,ישובים לא יהודים",BAQA -JATT
34.8352524728924,32.0870717965726,989,989,6100,בני ברק,138900,14,"100000-199999 תושבים,ישובים יהודים",BENE BERAQ
34.7490139949503,32.0140490202682,990,990,6200,בת ים,133900,14,"100000-199999 תושבים,ישובים יהודים",BAT YAM
34.8104260937044,32.0702937421117,991,991,6300,גבעתיים,47400,16,"20000-49999 תושבים,ישובים יהודים",GIV'ATAYIM
34.8350674563174,32.1690171819808,992,992,6400,הרצלייה,83300,15,"50000-99999 תושבים,ישובים יהודים",HERZLIYYA
34.9211660804115,32.4388994356023,993,993,6500,חדרה,74000,15,"50000-99999 תושבים,ישובים יהודים",HADERA
34.7833441053023,32.0106506218226,994,994,6600,חולון,165800,14,"100000-199999 תושבים,ישובים יהודים",HOLON
35.5258096675475,32.7872251728776,995,995,6700,טבריה,39800,16,"20000-49999 תושבים,ישובים יהודים",TIBERIAS
35.1023631990464,32.8038722087283,996,996,6800,קריית אתא,48800,16,"20000-49999 תושבים,ישובים יהודים",QIRYAT ATTA
35.2488508963343,31.6476348909394,997,997,3726,נוקדים,615,37,ישובים קהילתיים,NOQEDIM
35.0302096835927,31.4391895623456,998,998,3748,עתניאל,619,37,ישובים קהילתיים,OTNI'EL
34.9922616783354,32.1300915379732,999,999,3760,אורנית,5190,18,"2000-9999 תושבים,ישובים יהודים",ORANIT
35.0464129808652,32.119468183467,1000,1000,3778,עץ אפרים,606,35,ישובים כפריים יהודים אחרים,EZ EFRAYIM
34.8878905419058,31.9510159491642,1001,1001,7000,לוד,66500,15,"50000-99999 תושבים,ישובים יהודים",LOD
34.5704978517792,31.666683704746,1002,1002,7100,אשקלון,103200,14,"100000-199999 תושבים,ישובים יהודים",ASHQELON
34.8022320180219,31.9294278705267,1003,1003,7200,נס ציונה,25800,16,"20000-49999 תושבים,ישובים יהודים",NES ZIYYONA
35.2930335214825,32.700203481414,1004,1004,7300,נצרת,61700,25,"50000-99999 תושבים,ישובים לא יהודים",NAZARETH
34.8559201938976,32.3127665593843,1005,1005,7400,נתניה,164800,14,"100000-199999 תושבים,ישובים יהודים",NETANYA
35.3006292416673,32.8652698633057,1006,1006,7500,סח'נין,22600,26,"20000-49999 תושבים,ישובים לא יהודים",SAKHNIN
35.0894899010254,32.9274901839206,1007,1007,7600,עכו,45800,16,"20000-49999 תושבים,ישובים יהודים",AKKO
35.3054402112918,32.6145169978149,1008,1008,7700,עפולה,38500,16,"20000-49999 תושבים,ישובים יהודים",AFULA
34.9640517867819,32.4730177592211,1009,1009,7800,פרדס חנה-כרכור,28800,16,"20000-49999 תושבים,ישובים יהודים",PARDES HANNA-KARKUR
34.8834021188359,32.0877456175324,1010,1010,7900,פתח תקווה,172600,14,"100000-199999 תושבים,ישובים יהודים",PETAH TIQWA
35.0801550995188,32.8385733820644,1011,1011,8200,קריית מוצקין,39400,16,"20000-49999 תושבים,ישובים יהודים",QIRYAT MOTZKIN
34.7876397026137,31.9721444546851,1012,1012,8300,ראשון לציון,211600,10,ראשון לציון,RISHON LEZIYYON
34.8098187056299,31.8958574209932,1013,1013,8400,רחובות,98800,15,"50000-99999 תושבים,ישובים יהודים",REHOVOT
34.8695625602016,31.9305909400411,1014,1014,8500,רמלה,62800,15,"50000-99999 תושבים,ישובים יהודים",RAMLA
34.8278125943047,32.0679864461212,1015,1015,8600,רמת גן,126600,14,"100000-199999 תושבים,ישובים יהודים",RAMAT GAN
34.8736855281102,32.1877650430217,1016,1016,8700,רעננה,68900,15,"50000-99999 תושבים,ישובים יהודים",RA'ANNANA
35.1720345968662,32.8054326952889,1017,1017,8800,שפרעם,30300,26,"20000-49999 תושבים,ישובים לא יהודים",SHEFAR'AM
35.1950352228666,32.8551384849971,1018,1018,8900,טמרה,24000,26,"20000-49999 תושבים,ישובים לא יהודים",TAMRA
34.7864086217959,31.2566891499039,1019,1019,9000,באר שבע,181500,14,"100000-199999 תושבים,ישובים יהודים",BE'ER SHEVA
35.094919120554,33.0122172964351,1020,1020,9100,נהרייה,47400,16,"20000-49999 תושבים,ישובים יהודים",NAHARIYYA
35.4971249981867,32.4940420840783,1021,1021,9200,בית שאן,15900,17,"10000-19999 תושבים,ישובים יהודים",BET SHE'AN
34.9518734692684,32.5666910236951,1022,1022,9300,זכרון יעקב,14300,17,"10000-19999 תושבים,ישובים יהודים",ZIKHRON YA'AQOV
34.8902140111042,32.0307643027728,1023,1023,9400,יהוד,22000,16,"20000-49999 תושבים,ישובים יהודים",YEHUD
35.091881143516,32.8349858179083,1024,1024,9500,קריית ביאליק,37100,16,"20000-49999 תושבים,ישובים יהודים",QIRYAT BIALIK
35.0718596373102,32.8486593291993,1025,1025,9600,קריית ים,38700,16,"20000-49999 תושבים,ישובים יהודים",QIRYAT YAM
34.8860334477129,32.1542831051446,1026,1026,9700,הוד השרון,38600,16,"20000-49999 תושבים,ישובים יהודים",HOD HASHARON
34.9466903193139,32.5262480122419,1027,1027,9800,בנימינה,2540,18,"2000-9999 תושבים,ישובים יהודים",BINYAMINA-GIVAT ADA
35.1688107617938,30.4892431250691,1028,1028,1262, ,0,0, , 
35.0164271296272,30.1769737244463,1029,1029,1267, ,0,0, , 
34.92502004855,31.6213930558885,1030,1030,1325, ,0,0, , 
34.9630757462278,31.140545966256,1031,1031,1342, ,0,0, , 
34.7379797994889,31.3442933236106,1032,1032,1346, ,0,0, , 
34.9143093366669,31.2848250224294,1033,1033,1359, ,0,0, , 
34.9729575026061,31.2555291909444,1034,1034,1360, ,0,0, , 
34.8719351966452,32.3602335334974,1035,1035,1361, ,0,0, , 
34.6369950143379,31.7359776264836,1036,1036,1419, ,0,0, , 
34.6972714746624,31.3254047713037,1037,1037,2021, ,0,0, , 
35.1132490156924,32.2048636749726,1038,1038,3041, ,0,0, , 
35.0677163379388,32.4094560978901,1039,1039,3042, ,0,0, , 
35.250208055037,32.1808696105651,1040,1040,3046, ,0,0, , 
35.0679011042464,31.5691678670399,1041,1041,3068, ,0,0, , 
35.131028128241,32.2619928360642,1042,1042,3069, ,0,0, , 
35.0652904947072,31.8695314529134,1043,1043,3070, ,0,0, , 
35.226296128599,31.7010980579303,1044,1044,3073, ,0,0, , 
35.0460823421191,31.8880671045741,1045,1045,3075, ,0,0, , 
34.9621592355547,31.511075636862,1046,1046,3076, ,0,0, , 
35.049796719738,31.4499054157229,1047,1047,3079, ,0,0, , 
35.157736705341,31.6245500514519,1048,1048,3080, ,0,0, , 
35.3360317958531,32.181343360691,1049,1049,3081, ,0,0, , 
35.361870151085,32.4727690849513,1050,1050,3082, ,0,0, , 
35.2750350012726,32.1391275147082,1051,1051,3085, ,0,0, , 
35.2905534780187,32.1447752439078,1052,1052,3086, ,0,0, , 
35.2399779326624,31.9272703272469,1053,1053,3088, ,0,0, , 
35.118634717313,31.9742126460784,1054,1054,3089, ,0,0, , 
35.2910536178834,32.2068632075974,1055,1055,3090, ,0,0, , 
35.1151215941066,32.3345237264013,1056,1056,3091, ,0,0, , 
35.0715307129162,31.92892137928,1057,1057,3092, ,0,0, , 
35.1558868893377,31.5199520801719,1058,1058,3093, ,0,0, , 
35.4791757872902,32.3864280401214,1059,1059,3095, ,0,0, , 
35.1748846236159,31.9872063689866,1060,1060,3096, ,0,0, , 
35.0990591405731,32.0736239795473,1061,1061,3097, ,0,0, , 
35.2600572567416,32.453871989829,1062,1062,3102, ,0,0, , 
35.3038017650054,32.3363027674522,1063,1063,3137, ,0,0, , 
35.3222342497951,32.1014245178067,1064,1064,3139, ,0,0, , 
35.1614876125991,31.9973341529852,1065,1065,3142, ,0,0, , 
35.0473624458344,31.9632090266386,1066,1066,3655, ,0,0, , 
34.5022820053785,31.5431760382561,1067,1067,5103, ,0,0, , 
34.3349980251532,31.3422025241114,1068,1068,5104, ,0,0, , 
34.3574342324629,31.4024635808176,1069,1069,5405, ,0,0, , 
34.2874212343629,31.3082716800782,1070,1070,5407, ,0,0, , 
34.4144397564141,31.4798993951043,1071,1071,5408, ,0,0, , 
34.3206516814782,31.380442973146,1072,1072,5410, ,0,0, , 
34.3130100674391,31.374899628503,1073,1073,5423, ,0,0, , 
34.3013674796,31.3737108440967,1074,1074,5424, ,0,0, , 
34.2510362732904,31.32227291545,1075,1075,5425, ,0,0, , 
34.2763973180155,31.3528282331357,1076,1076,5427, ,0,0, , 
34.2758419655475,31.3435008072498,1077,1077,5429, ,0,0, , 
34.2584749502058,31.3370214052805,1078,1078,5431, ,0,0, , 
34.2558622722319,31.3296823556026,1079,1079,5432, ,0,0, , 
34.233299831965,31.3152954456897,1080,1080,5433, ,0,0, , 
34.2383209975613,31.3220811620933,1081,1081,5434, ,0,0, , 
35.1737087839441,32.7826706124181,1082,1082,1199,עדי,1640,37,ישובים קהילתיים,ADI
35.0138541180938,31.898644349582,1083,1083,1200,מודיעין-מכבים-רעות,530790,16,"20000-49999 תושבים,ישובים יהודים",MODI'IN-MAKKABBIM-RE'UT
35.3597844065937,32.9120635510798,1084,1084,1201,כמון,506,37,ישובים קהילתיים,KAMMON
35.3297171884432,32.9071487533659,1085,1085,1202,מכמנים,229,37,ישובים קהילתיים,MIKHMANNIM
35.3657205997377,32.8458993418305,1086,1086,1203,הררית,224,37,ישובים קהילתיים,HARARIT
35.2359258887086,32.9037691915094,1087,1087,1204,גילון,906,37,ישובים קהילתיים,GILON
35.1968063206877,33.0385416336405,1088,1088,1205,מנות,343,31,מושבים (כפרים שיתופיים) (ב),MANOT
35.2504280039523,32.9671331744096,1089,1089,1206,גיתה,220,37,ישובים קהילתיים,GITTA
35.2869189181751,32.9423657575668,1090,1090,1207,לבון,0,0,ללא סוג,LAVON
35.244024198473,33.0358653201789,1091,1091,1208,הילה,397,37,ישובים קהילתיים,HILLA
35.3281703305433,32.9566996228096,1092,1092,1209,חרשים,165,37,ישובים קהילתיים,HARASHIM
35.5095340646248,32.8922745207836,1093,1093,1210,כחל,357,31,מושבים (כפרים שיתופיים) (ב),KAHAL
35.4750477361747,32.8982516805381,1094,1094,1211,קדרים,110,33,קיבוצים,QADDARIM
35.524763611625,32.9976276275833,1095,1095,1212,עמוקה,216,37,ישובים קהילתיים,AMUQQA
35.417520991408,33.0259774246965,1096,1096,1213,צבעון,85,33,קיבוצים,ZIV'ON
35.430924960326,32.8705512989052,1097,1097,1214,טפחות,255,31,מושבים (כפרים שיתופיים) (ב),TEFAHOT
35.2496060857549,33.0599030013408,1098,1098,1219,גורנות הגליל,181,35,ישובים כפריים יהודים אחרים,GORNOT HAGALIL
34.9176906120154,32.1774457419886,1099,1099,6900,כפר סבא,77800,15,"50000-99999 תושבים,ישובים יהודים",KEFAR SAVA
35.5015510285546,32.9665706122801,1100,1100,8000,צפת,26400,16,"20000-49999 תושבים,ישובים יהודים",ZEFAT
35.2871308519849,33.0383378145671,1101,1101,1220,אבירים,182,37,ישובים קהילתיים,ABBIRIM
35.2520391541979,32.9028553582769,1102,1102,1221,צורית,701,37,ישובים קהילתיים,ZURIT
35.2004506001257,32.8366486510997,1103,1103,1222,"מצפה אבי""ב",582,37,ישובים קהילתיים,MIZPE AVIV
34.3363648979198,31.2122236079692,1104,1104,1223,שדי אברהם,165,31,מושבים (כפרים שיתופיים) (ב),SEDE AVRAHAM
34.9947085902823,32.22125819578,1105,1105,1224,כוכב יאיר,4840,18,"2000-9999 תושבים,ישובים יהודים",KOKHAV YA'IR
35.4638467181075,32.8504534374134,1106,1106,1225,רביד,48,33,קיבוצים,RAVID
35.2704924643973,32.878117620704,1107,1107,1226,יובלים,974,37,ישובים קהילתיים,YUVALLIM
34.3268236110405,31.2068743283097,1108,1108,1227,יתד,180,31,מושבים (כפרים שיתופיים) (ב),YATED
35.4584409768549,32.874415403954,1109,1109,1229,כלנית,206,31,מושבים (כפרים שיתופיים) (ב),KALLANIT
35.4924687348296,32.8638477951073,1110,1110,1230,לבנים,397,31,מושבים (כפרים שיתופיים) (ב),LIVNIM
34.3558643044746,31.2216243468418,1111,1111,1231,פרי גן,138,31,מושבים (כפרים שיתופיים) (ב),PERI GAN
34.319605871723,31.1891608838456,1112,1112,1232,יבול,148,31,מושבים (כפרים שיתופיים) (ב),YEVUL
35.2590721324536,32.8931641803065,1113,1113,1235,שורשים,234,32,מושבים שיתופיים,SHORASHIM
34.9849525306448,32.1464986447042,1114,1114,1236,נירית,975,37,ישובים קהילתיים,NIRIT
34.3611190161583,31.1999365961183,1115,1115,1237,תלמי יוסף,187,31,מושבים (כפרים שיתופיים) (ב),TALME YOSEF
34.3422119778771,31.2371732529403,1116,1116,1238,סופה,252,33,קיבוצים,SUFA
34.3256238312669,31.2302878300587,1117,1117,1239,חולית,117,33,קיבוצים,HOLIT
34.449364726552,31.2814437109395,1118,1118,1240,עין הבשור,453,31,מושבים (כפרים שיתופיים) (ב),EN HABESOR
34.3477491564614,31.1948076054199,1119,1119,1241,דקל,99,31,מושבים (כפרים שיתופיים) (ב),DEQEL
34.5410312353706,31.5674760945571,1120,1120,1242,נתיב העשרה,643,31,מושבים (כפרים שיתופיים) (ב),NETIV HAASARA
35.3622353735761,32.8940297802439,1121,1121,1245,סלמה,1700,45,ישובים כפריים אחרים לא יהודים,SALLAMA
35.2211771909793,33.0974849753672,1122,1122,1246,עראמשה,1070,45,ישובים כפריים אחרים לא יהודים,ARAMSHA
35.071785278197,32.4715393486099,1123,1123,1247,קציר-חריש,3500,18,"2000-9999 תושבים,ישובים יהודים",QAZIR-HARISH
35.0117556560605,29.7942817822257,1124,1124,1248,אליפז,45,33,קיבוצים,ELIFAZ
35.1742688362514,32.7635357424719,1125,1125,1249,הרדוף,322,33,קיבוצים,HARDUF
35.5511877228955,32.9092792480927,1126,1126,1252,כורזים,427,31,מושבים (כפרים שיתופיים) (ב),KORAZIM
35.573295858117,32.9040113697112,1127,1127,1253,אמנון,377,31,מושבים (כפרים שיתופיים) (ב),AMNUN
35.067762054831,31.8320709366851,1128,1128,1254,נטף,392,37,ישובים קהילתיים,NATAF
35.1554024019829,32.9716665012965,1129,1129,1256,אשרת,563,37,ישובים קהילתיים,ASHERAT
35.2439473507692,32.7844807884114,1130,1130,1257,חנתון,84,33,קיבוצים,HANNATON
35.4235437346465,32.8434977151872,1131,1131,1258,מסד,349,37,ישובים קהילתיים,MASSAD
34.9781687393887,31.8177162541009,1132,1132,1259,נווה שלום,146,35,ישובים כפריים יהודים אחרים,NEWE SHALOM
34.689677550602,31.0527654735701,1133,1133,1260,רתמים,205,33,קיבוצים,RETAMIM
35.1017137038268,31.3441615647423,1134,1134,1261,הר עמשא,0,0,ללא סוג,HAR AMASA
35.268747552045,32.9959774564124,1135,1135,1263,כפר ורדים,5030,18,"2000-9999 תושבים,ישובים יהודים",KEFAR WERADIM
34.8861889722132,31.431604587271,1136,1136,1265,שומרייה,74,33,קיבוצים,SHOMERIYYA
35.000330686139,29.904615126942,1137,1137,1266,שחרות,89,37,ישובים קהילתיים,SHAHARUT
34.9402038792129,31.3260367506967,1138,1138,1268,מיתר,6100,18,"2000-9999 תושבים,ישובים יהודים",METAR
34.814023619364,31.3700308577217,1139,1139,1271,להבים,4770,18,"2000-9999 תושבים,ישובים יהודים",LEHAVIM
35.3117824938192,32.9502966795371,1140,1140,1272,חלוץ,304,37,ישובים קהילתיים,HALUZ
35.3357017252644,32.5311826500036,1141,1141,1274,גן נר,2400,18,"2000-9999 תושבים,ישובים יהודים",GAN NER
35.3509670347898,32.8371357094424,1142,1142,1275,אבטליון,300,37,ישובים קהילתיים,AVTALYON
35.0364100666917,30.0380057881807,1143,1143,1279,נווה חריף,45,33,קיבוצים,NEWE HARIF
34.397649961338,30.9043325903526,1144,1144,1280,ניצני סיני,184,31,מושבים (כפרים שיתופיים) (ב),NIZZANE SINAY
35.4959800334049,32.4419455408921,1145,1145,1283,תל תאומים,359,37,ישובים קהילתיים,TEL TE'OMIM
35.1462030288464,32.759156595117,1146,1146,1284,נופית,1910,37,ישובים קהילתיים,NOFIT
35.6079353474282,32.9300056973462,1147,1147,1285,כרכום,613,37,ישובים קהילתיים,KARKOM
34.8390825301889,31.1976411504616,1148,1148,1286,שגב-שלום,5270,28,"2000-9999 תושבים,ישובים לא יהודים",SEGEV-SHALOM
35.2440920484486,32.7217436208969,1149,1149,1288,גבעת אלה,1700,37,ישובים קהילתיים,GIV'AT ELA
35.0363800674835,32.3638850608122,1150,1150,1290,זמר,4770,28,"2000-9999 תושבים,ישובים לא יהודים",ZEMER
34.4315504427017,30.9106252846303,1151,1151,1291,כמהין,165,31,מושבים (כפרים שיתופיים) (ב),KEMEHIN
35.4382254756663,32.7748678481539,1152,1152,1293,גבעת אבני,1870,37,ישובים קהילתיים,GIV'AT AVNI
35.4464979914937,33.0050117407612,1153,1153,1294,אור הגנוז,296,37,ישובים קהילתיים,OR HAGANUZ
35.243044108469,32.9801385389795,1154,1154,1295,יאנוח-ג'ת,4790,28,"2000-9999 תושבים,ישובים לא יהודים",YANUH-JAT
35.3039214787759,32.9696867781479,1155,1155,1296,כסרא-סמיע,6070,28,"2000-9999 תושבים,ישובים לא יהודים",KISRA-SUMEI
35.4234883177186,32.9155269582844,1156,1156,1297,כפר חנניה,222,37,ישובים קהילתיים,KEFAR HANANYA
34.9346088129777,31.2985131571804,1157,1157,1303,חורה,7570,28,"2000-9999 תושבים,ישובים לא יהודים",HURA
34.9453560183932,31.9980206623903,1158,1158,1304,שוהם,15600,17,"10000-19999 תושבים,ישובים יהודים",SHOHAM
34.9447465962527,32.2877541059225,1159,1159,1308,צורן,5660,18,"2000-9999 תושבים,ישובים יהודים",ZORAN
34.9569708187256,32.0506719831489,1160,1160,1309,אלעד,15100,17,"10000-19999 תושבים,ישובים יהודים",EL'AD
35.0323759065794,31.9173961172825,1161,1161,1310,לפיד,2110,18,"2000-9999 תושבים,ישובים יהודים",LAPPID
35.5465520208554,32.7310659518214,1162,1162,1313,פורייה עילית,529,35,ישובים כפריים יהודים אחרים,PORIYYA ILLIT
34.9729659394157,32.1585865832231,1163,1163,1315,מתן,2670,18,"2000-9999 תושבים,ישובים יהודים",MATTAN
35.1249578894818,32.497702122214,1164,1164,1316,אל -עריאן,263,45,ישובים כפריים אחרים לא יהודים,AL-ARYAN
35.0134261556567,32.3334307881039,1165,1165,1319,בת חפר,4610,18,"2000-9999 תושבים,ישובים יהודים",BAT HEFER
34.9998578719183,32.6915841440377,1166,1166,1320,עין חוד,0,0,ללא סוג,EIN HOD
34.8162289631675,32.2138453753785,1167,1167,1324,ארסוף,104,35,ישובים כפריים יהודים אחרים,ARSUF
35.3376304479859,32.6434715630098,1168,1168,1330,אחוזת ברק,1040,37,ישובים קהילתיים,AHUZZAT BARAQ
35.3475592200598,32.9093069761475,1169,1169,1331,כמאנה,888,45,ישובים כפריים אחרים לא יהודים,KAMANE
35.3206151996058,32.9006054819709,1170,1170,1332,חוסנייה,476,45,ישובים כפריים אחרים לא יהודים,HUSSNIYYA
35.3724477053174,32.9138045898935,1171,1171,1334,ראס אל-עין,245,45,ישובים כפריים אחרים לא יהודים,RAS AL-EIN
35.2459927406349,32.7329110485128,1172,1172,1337,שמשית,1430,37,ישובים קהילתיים,SHIMSHIT
34.8039265979086,31.7208576700707,1173,1173,1339,אל -עזי,79,45,ישובים כפריים אחרים לא יהודים,AL-AZY
35.2756660768044,32.9773764155558,1174,1174,1722,מגדל תפן,0,0,ללא סוג, 
34.9628799780028,32.3067732973135,1175,1175,2002,תנובות,635,31,מושבים (כפרים שיתופיים) (ב),TENUVOT
34.9773730798096,32.4455030882009,1176,1176,2003,תלמי אלעזר,652,31,מושבים (כפרים שיתופיים) (ב),TALME EL'AZAR
34.9945765114112,32.4034045574898,1177,1177,2008,שדה יצחק,494,31,מושבים (כפרים שיתופיים) (ב),SEDE YIZHAQ
35.5978047233938,33.2447174066778,1178,1178,2009,יובל,345,31,מושבים (כפרים שיתופיים) (ב),YUVAL
34.948262880659,31.8598161711629,1179,1179,2010,כפר בן נון,368,31,מושבים (כפרים שיתופיים) (ב),KEFAR BIN NUN
34.7820554304212,31.7423459525496,1180,1180,2011,ינון,833,31,מושבים (כפרים שיתופיים) (ב),YINNON
34.735224085541,31.7424757745972,1181,1181,2012,אורות,420,31,מושבים (כפרים שיתופיים) (ב),OROT
34.5909560331958,31.3965458874003,1182,1182,2014,גבעולים,260,31,מושבים (כפרים שיתופיים) (ב),GIV'OLIM
34.9446223038562,32.1603048386719,1183,1183,2015,שדי חמד,569,31,מושבים (כפרים שיתופיים) (ב),SEDE HEMED
35.4716851036698,32.4478573072796,1184,1184,2016,רוויה,210,31,מושבים (כפרים שיתופיים) (ב),REWAYA
34.9331771972598,32.3994372487365,1185,1185,2018,גבעת חיים (איחוד),801,33,קיבוצים,GIV'AT HAYYIM (IHUD)
34.8694982939115,31.3791270266834,1186,1186,2023,להב,398,33,קיבוצים,LAHAV
35.0563084028115,32.4696063292815,1187,1187,2024,אום אל-קוטוף,744,45,ישובים כפריים אחרים לא יהודים,UMM AL-QUTUF
35.563920790432,32.5652623535732,1188,1188,2026,ירדנה,439,31,מושבים (כפרים שיתופיים) (ב),YARDENA
35.1584522432222,32.5949138263186,1189,1189,2029,מדרך עוז,484,31,מושבים (כפרים שיתופיים) (ב),MIDRAKH OZ
34.7769754063621,31.6569240595452,1190,1190,2030,מנוחה,354,31,מושבים (כפרים שיתופיים) (ב),MENUHA
35.262795361287,32.8565835144028,1191,1191,1228,רקפת,571,37,ישובים קהילתיים,RAQQEFET
34.9350482600264,31.5120019508253,1192,1192,1233,שקף,214,31,מושבים (כפרים שיתופיים) (ב),SHEQEF
35.2253962210361,32.7036421815031,1193,1193,1244,תמרת,1690,37,ישובים קהילתיים,TIMRAT
35.0879288257799,29.9866807823659,1194,1194,1255,לוטן,135,33,קיבוצים,LOTAN
34.9205165237855,31.847991671811,1195,1195,1264,כרמי יוסף,1870,35,ישובים כפריים יהודים אחרים,KARME YOSEF
35.4218132713322,32.4528270025273,1196,1196,1282,מירב,312,33,קיבוצים,MERAV
35.1392557952702,32.9274972789556,1197,1197,1292,ג'דיידה-מכר,16300,27,"10000-19999 תושבים,ישובים לא יהודים",JUDEIDE-MAKER
35.1823219051438,33.0270978625715,1198,1198,1314,נווה זיו,227,37,ישובים קהילתיים,NEWE ZIV
34.9896133304266,31.86960104844,1199,1199,1333,נוף איילון,2130,18,"2000-9999 תושבים,ישובים יהודים",NOF AYYALON
34.9218038628078,31.9522215691617,1200,1200,2013,בן שמן (מושב),550,31,מושבים (כפרים שיתופיים) (ב),BEN SHEMEN (MOSHAV)
34.8117787675994,31.7921982003273,1201,1201,2033,בית חלקיה,382,31,מושבים (כפרים שיתופיים) (ב),BET HILQIYYA
35.5445708263286,32.9826199595442,1202,1202,2034,חצור הגלילית,8550,18,"2000-9999 תושבים,ישובים יהודים",HAZOR HAGELILIT
34.909030245295,32.1393451995881,1203,1203,2035,עדנים,393,31,מושבים (כפרים שיתופיים) (ב),ADANIM
34.9531420334696,32.0131438694313,1204,1204,2038,ברקת,1080,31,מושבים (כפרים שיתופיים) (ב),BAREQET
35.1030364148431,31.808990424852,1205,1205,2039,קריית יערים (מוסד),253,34,ישובים מוסדיים יהודים,QIRYAT YE'ARIM(INSTITUTE)
35.3905423418134,31.457741608515,1206,1206,2042,עין גדי,603,33,קיבוצים,EN GEDI
35.018785362485,32.3501668877942,1207,1207,2043,בחן,263,33,קיבוצים,BAHAN
34.5958543511847,31.3890298200369,1208,1208,2044,מלילות,268,31,מושבים (כפרים שיתופיים) (ב),MELILOT
34.7948678046474,31.6588771631118,1209,1209,2045,נחלה,379,31,מושבים (כפרים שיתופיים) (ב),NAHALA
34.780065827712,31.6705162585495,1210,1210,2046,סגולה,310,31,מושבים (כפרים שיתופיים) (ב),SEGULLA
34.6314483430845,31.4774049671161,1211,1211,2047,ניר משה,308,31,מושבים (כפרים שיתופיים) (ב),NIR MOSHE
34.6467058607037,31.4699312724209,1212,1212,2048,ניר עקיבא,250,31,מושבים (כפרים שיתופיים) (ב),NIR AQIVA
34.7118240627333,31.449551784723,1213,1213,2049,שדה צבי,232,31,מושבים (כפרים שיתופיים) (ב),SEDE ZEVI
34.6460054448903,31.4380565622854,1214,1214,2050,"תלמי ביל""ו",312,31,מושבים (כפרים שיתופיים) (ב),TALME BILU
34.7344360720591,31.6494523361811,1215,1215,2051,רווחה,425,31,מושבים (כפרים שיתופיים) (ב),REWAHA
35.307192431959,32.5573961558997,1216,1216,2052,אביטל,423,31,מושבים (כפרים שיתופיים) (ב),AVITAL
35.3103829215617,32.5457008754618,1217,1217,2053,פרזון,318,31,מושבים (כפרים שיתופיים) (ב),PERAZON
35.3004463406855,32.5458873512908,1218,1218,2054,מיטב,323,31,מושבים (כפרים שיתופיים) (ב),METAV
35.0046448578454,32.4214151449814,1219,1219,2055,מאור,670,31,מושבים (כפרים שיתופיים) (ב),MA'OR
35.4859723399312,32.438983935793,1220,1220,2057,שדי תרומות,420,31,מושבים (כפרים שיתופיים) (ב),SEDE TERUMOT
34.6932742745221,31.4402895967253,1221,1221,2059,"פעמי תש""ז",309,31,מושבים (כפרים שיתופיים) (ב),PA'AME TASHAZ
34.6318474112431,31.3705649108042,1222,1222,2060,ברוש,207,31,מושבים (כפרים שיתופיים) (ב),BEROSH
34.6270535982662,31.3782888005781,1223,1223,2061,תדהר,204,31,מושבים (כפרים שיתופיים) (ב),TIDHAR
34.643740951034,31.3715258235954,1224,1224,2062,תאשור,294,31,מושבים (כפרים שיתופיים) (ב),TE'ASHUR
35.5188414716608,33.0822024487714,1225,1225,2063,דישון,384,31,מושבים (כפרים שיתופיים) (ב),DISHON
34.6244224664664,31.4585196778709,1226,1226,2064,זרועה,226,31,מושבים (כפרים שיתופיים) (ב),ZERU'A
34.9671873001486,32.7672607515335,1227,1227,2100,טירת כרמל,18700,17,"10000-19999 תושבים,ישובים יהודים",TIRAT KARMEL
35.0274193387046,31.0672437063232,1228,1228,2200,דימונה,33700,16,"20000-49999 תושבים,ישובים יהודים",DIMONA
35.1247074731008,32.7138883540061,1229,1229,2300,קריית טבעון,13300,17,"10000-19999 תושבים,ישובים יהודים",QIRYAT TIV'ON
34.8558095991058,32.0273928411141,1230,1230,2400,אור יהודה,28600,16,"20000-49999 תושבים,ישובים יהודים",OR YEHUDA
35.0436111458389,32.7718669882314,1231,1231,2500,נשר,20900,16,"20000-49999 תושבים,ישובים יהודים",NESHER
34.8406603433987,31.9439557857411,1232,1232,2530,באר יעקב,8320,18,"2000-9999 תושבים,ישובים יהודים",BE'ER YA'AQOV
34.7795009103103,31.8111733047572,1233,1233,2550,גדרה,11700,17,"10000-19999 תושבים,ישובים יהודים",GEDERA
35.2128359310491,31.2560962880504,1234,1234,2560,ערד,24500,16,"20000-49999 תושבים,ישובים יהודים",ARAD
34.9397944592708,29.5537403540528,1235,1235,2600,אילת,42100,16,"20000-49999 תושבים,ישובים יהודים",ELAT
34.9906976154413,31.7452437746845,1236,1236,2610,בית שמש,53400,15,"50000-99999 תושבים,ישובים יהודים",BET SHEMESH
34.8586530484184,32.0587995699251,1237,1237,2620,קריית אונו,23900,16,"20000-49999 תושבים,ישובים יהודים",QIRYAT ONO
34.7743846179877,31.6046000032077,1238,1238,2630,קריית גת,48200,16,"20000-49999 תושבים,ישובים יהודים",QIRYAT GAT
34.9582659568423,32.0970736893186,1239,1239,2640,ראש העין,35200,16,"20000-49999 תושבים,ישובים יהודים",ROSH HAAYIN
34.8407667807057,32.1361231639663,1240,1240,2650,רמת השרון,35600,16,"20000-49999 תושבים,ישובים יהודים",RAMAT HASHARON
